# Blender 5.2.2 LTS
# www.blender.org
mtllib tilt_body_visual.mtl
o tilt_body_visual.001
v -0.032625 0.009210 -0.023242
v -0.027125 0.009210 -0.023242
v -0.027125 0.009336 -0.023169
v -0.027125 0.009435 -0.023064
v -0.027125 0.009501 -0.022934
v -0.027125 0.009526 -0.022791
v -0.027125 0.009509 -0.022647
v -0.032129 0.009509 -0.022647
v -0.032153 0.009525 -0.022753
v -0.032197 0.009520 -0.022854
v -0.032253 0.009496 -0.022947
v -0.032318 0.009458 -0.023028
v -0.032465 0.009350 -0.023157
v -0.032622 0.009213 -0.023240
v -0.032129 0.014859 -0.019559
v -0.027125 0.014859 -0.019559
v -0.027125 0.014975 -0.019645
v -0.027125 0.015111 -0.019695
v -0.027125 0.015256 -0.019703
v -0.027125 0.015397 -0.019670
v -0.027125 0.015523 -0.019597
v -0.032625 0.015523 -0.019597
v -0.032622 0.015520 -0.019599
v -0.032465 0.015380 -0.019676
v -0.032318 0.015214 -0.019705
v -0.032253 0.015124 -0.019697
v -0.032197 0.015032 -0.019672
v -0.032153 0.014942 -0.019626
v -0.032125 0.009493 -0.022586
v -0.032125 0.011350 -0.021712
v -0.032125 0.013128 -0.020686
v -0.032125 0.014814 -0.019514
v -0.032129 0.014859 -0.019559
v -0.032153 0.014942 -0.019626
v -0.032197 0.015032 -0.019672
v -0.032253 0.015124 -0.019697
v -0.032318 0.015214 -0.019705
v -0.032465 0.015380 -0.019676
v -0.032622 0.015520 -0.019599
v -0.032625 0.015523 -0.019597
v -0.032625 0.013541 -0.021016
v -0.032625 0.011430 -0.022234
v -0.032625 0.009210 -0.023242
v -0.032622 0.009213 -0.023240
v -0.032465 0.009350 -0.023157
v -0.032318 0.009458 -0.023028
v -0.032253 0.009496 -0.022947
v -0.032197 0.009520 -0.022854
v -0.032153 0.009525 -0.022753
v -0.032129 0.009509 -0.022647
v -0.032149 0.011272 -0.021927
v -0.032220 0.011335 -0.022051
v -0.032331 0.011386 -0.022149
v -0.032470 0.011419 -0.022212
v -0.032149 0.013353 -0.020725
v -0.032220 0.013429 -0.020842
v -0.032331 0.013489 -0.020935
v -0.032470 0.013527 -0.020995
v -0.041875 -0.025000 -0.000000
v -0.041875 -0.024825 0.002957
v -0.041875 -0.024301 0.005872
v -0.041875 -0.023435 0.008705
v -0.041875 -0.022241 0.011416
v -0.041875 -0.020735 0.013966
v -0.041875 -0.018938 0.016321
v -0.041875 -0.016875 0.018446
v -0.041875 -0.014574 0.020312
v -0.041875 -0.012070 0.021893
v -0.041875 -0.009396 0.023167
v -0.041875 -0.006590 0.024116
v -0.041875 -0.003691 0.024726
v -0.041875 -0.000741 0.024989
v -0.041875 0.002220 0.024901
v -0.041875 0.005149 0.024464
v -0.041875 0.008007 0.023683
v -0.041875 0.010752 0.022570
v -0.041875 0.013346 0.021140
v -0.041875 0.015752 0.019413
v -0.041875 0.017938 0.017414
v -0.041875 0.019871 0.015170
v -0.041875 0.021526 0.012713
v -0.041875 0.022879 0.010078
v -0.041875 0.023910 0.007301
v -0.041875 0.024606 0.004422
v -0.041875 0.024956 0.001481
v -0.041875 0.024956 -0.001481
v -0.041875 0.024606 -0.004422
v -0.041875 0.023910 -0.007301
v -0.041875 0.022879 -0.010078
v -0.041875 0.021526 -0.012713
v -0.041875 0.019871 -0.015170
v -0.041875 0.017938 -0.017414
v -0.041875 0.015752 -0.019413
v -0.041875 0.013346 -0.021140
v -0.041875 0.010752 -0.022570
v -0.041875 0.008007 -0.023683
v -0.041875 0.005149 -0.024464
v -0.041875 0.002220 -0.024901
v -0.041875 -0.000741 -0.024989
v -0.041875 -0.003691 -0.024726
v -0.041875 -0.006590 -0.024116
v -0.041875 -0.009396 -0.023167
v -0.041875 -0.012070 -0.021893
v -0.041875 -0.014574 -0.020312
v -0.041875 -0.016875 -0.018446
v -0.041875 -0.018938 -0.016321
v -0.041875 -0.020735 -0.013966
v -0.041875 -0.022241 -0.011416
v -0.041875 -0.023435 -0.008705
v -0.041875 -0.024301 -0.005872
v -0.041875 -0.024825 -0.002957
v -0.027125 0.009210 -0.023242
v -0.032625 0.009210 -0.023242
v -0.032625 0.011430 -0.022234
v -0.032625 0.013541 -0.021016
v -0.032625 0.015523 -0.019597
v -0.027125 0.015523 -0.019597
v -0.027125 0.017627 -0.017729
v -0.027125 0.019507 -0.015636
v -0.027125 0.021141 -0.013344
v -0.027125 0.022506 -0.010884
v -0.027125 0.023587 -0.008286
v -0.027125 0.024369 -0.005583
v -0.027125 0.024842 -0.002809
v -0.027125 0.025000 -0.000000
v -0.027125 0.024842 0.002809
v -0.027125 0.024369 0.005583
v -0.027125 0.023587 0.008286
v -0.027125 0.022506 0.010884
v -0.027125 0.021141 0.013344
v -0.027125 0.019507 0.015636
v -0.027125 0.017627 0.017729
v -0.027125 0.015523 0.019597
v -0.032625 0.015523 0.019597
v -0.032625 0.013541 0.021016
v -0.032625 0.011430 0.022234
v -0.032625 0.009210 0.023242
v -0.027125 0.009210 0.023242
v -0.027125 0.006540 0.024129
v -0.027125 0.003787 0.024711
v -0.027125 0.000986 0.024981
v -0.027125 -0.001827 0.024933
v -0.027125 -0.004617 0.024570
v -0.027125 -0.007349 0.023895
v -0.027125 -0.009988 0.022918
v -0.027125 -0.012500 0.021651
v -0.027125 -0.014854 0.020109
v -0.027125 -0.017019 0.018312
v -0.027125 -0.018969 0.016284
v -0.027125 -0.020679 0.014049
v -0.027125 -0.022127 0.011636
v -0.027125 -0.023294 0.009076
v -0.027125 -0.024167 0.006401
v -0.027125 -0.024733 0.003644
v -0.032625 -0.024733 0.003644
v -0.032625 -0.024970 0.001219
v -0.032625 -0.024970 -0.001219
v -0.032625 -0.024733 -0.003644
v -0.027125 -0.024733 -0.003644
v -0.027125 -0.024167 -0.006401
v -0.027125 -0.023294 -0.009076
v -0.027125 -0.022127 -0.011636
v -0.027125 -0.020679 -0.014049
v -0.027125 -0.018969 -0.016284
v -0.027125 -0.017019 -0.018312
v -0.027125 -0.014854 -0.020109
v -0.027125 -0.012500 -0.021651
v -0.027125 -0.009988 -0.022918
v -0.027125 -0.007349 -0.023895
v -0.027125 -0.004617 -0.024570
v -0.027125 -0.001827 -0.024933
v -0.027125 0.000986 -0.024981
v -0.027125 0.003787 -0.024711
v -0.027125 0.006540 -0.024129
v -0.032625 -0.024970 0.001219
v -0.041875 -0.025000 -0.000000
v -0.032129 0.009509 0.022647
v -0.027125 0.009509 0.022647
v -0.027125 0.009526 0.022791
v -0.027125 0.009501 0.022934
v -0.027125 0.009435 0.023064
v -0.027125 0.009336 0.023169
v -0.027125 0.009210 0.023242
v -0.032625 0.009210 0.023242
v -0.032622 0.009213 0.023240
v -0.032465 0.009350 0.023157
v -0.032318 0.009458 0.023028
v -0.032253 0.009496 0.022947
v -0.032197 0.009520 0.022854
v -0.032153 0.009525 0.022753
v -0.032625 0.015523 0.019597
v -0.027125 0.015523 0.019597
v -0.027125 0.015397 0.019670
v -0.027125 0.015256 0.019703
v -0.027125 0.015111 0.019695
v -0.027125 0.014975 0.019645
v -0.027125 0.014859 0.019559
v -0.032129 0.014859 0.019559
v -0.032153 0.014942 0.019626
v -0.032197 0.015032 0.019672
v -0.032253 0.015124 0.019697
v -0.032318 0.015214 0.019705
v -0.032465 0.015380 0.019676
v -0.032622 0.015520 0.019599
v -0.032625 0.009210 0.023242
v -0.032625 0.011430 0.022234
v -0.032625 0.013541 0.021016
v -0.032625 0.015523 0.019597
v -0.032622 0.015520 0.019599
v -0.032465 0.015380 0.019676
v -0.032318 0.015214 0.019705
v -0.032253 0.015124 0.019697
v -0.032197 0.015032 0.019672
v -0.032153 0.014942 0.019626
v -0.032129 0.014859 0.019559
v -0.032125 0.014814 0.019514
v -0.032125 0.013128 0.020686
v -0.032125 0.011350 0.021712
v -0.032125 0.009493 0.022586
v -0.032129 0.009509 0.022647
v -0.032153 0.009525 0.022753
v -0.032197 0.009520 0.022854
v -0.032253 0.009496 0.022947
v -0.032318 0.009458 0.023028
v -0.032465 0.009350 0.023157
v -0.032622 0.009213 0.023240
v -0.032470 0.011419 0.022212
v -0.032331 0.011386 0.022149
v -0.032220 0.011335 0.022051
v -0.032149 0.011272 0.021927
v -0.032470 0.013527 0.020995
v -0.032331 0.013489 0.020935
v -0.032220 0.013429 0.020842
v -0.032149 0.013353 0.020725
v -0.027125 0.009509 0.022647
v -0.032129 0.009509 0.022647
v -0.032125 0.009493 0.022586
v -0.032125 0.008835 0.020133
v -0.027125 0.008835 0.020133
v -0.032125 0.009493 0.022586
v -0.032125 0.011350 0.021712
v -0.032125 0.013128 0.020686
v -0.032125 0.014814 0.019514
v -0.032125 0.013018 0.017718
v -0.032125 0.012356 0.017243
v -0.032125 0.011576 0.017007
v -0.032125 0.010762 0.017034
v -0.032125 0.010000 0.017321
v -0.032125 0.009370 0.017837
v -0.032125 0.008940 0.018529
v -0.032125 0.008755 0.019322
v -0.032125 0.008835 0.020133
v -0.032125 0.012050 0.020871
v -0.032125 0.011528 0.021061
v -0.032125 0.010972 0.021061
v -0.032125 0.010450 0.020871
v -0.032125 0.010024 0.020514
v -0.032125 0.009746 0.020033
v -0.032125 0.009650 0.019486
v -0.032125 0.009746 0.018938
v -0.032125 0.010024 0.018457
v -0.032125 0.010450 0.018100
v -0.032125 0.010972 0.017910
v -0.032125 0.011528 0.017910
v -0.032125 0.012050 0.018100
v -0.032125 0.012476 0.018457
v -0.032125 0.012754 0.018938
v -0.032125 0.012850 0.019486
v -0.032125 0.012754 0.020033
v -0.032125 0.012476 0.020514
v -0.032129 0.014859 0.019559
v -0.027125 0.014859 0.019559
v -0.027125 0.013018 0.017718
v -0.032125 0.013018 0.017718
v -0.032125 0.014814 0.019514
v -0.032129 -0.024368 -0.003089
v -0.027125 -0.024368 -0.003089
v -0.027125 -0.024501 -0.003146
v -0.027125 -0.024612 -0.003239
v -0.027125 -0.024692 -0.003361
v -0.027125 -0.024733 -0.003499
v -0.027125 -0.024733 -0.003644
v -0.032625 -0.024733 -0.003644
v -0.032622 -0.024733 -0.003641
v -0.032465 -0.024730 -0.003481
v -0.032318 -0.024672 -0.003323
v -0.032253 -0.024621 -0.003249
v -0.032197 -0.024552 -0.003183
v -0.032153 -0.024467 -0.003127
v -0.032625 -0.024733 0.003644
v -0.027125 -0.024733 0.003644
v -0.027125 -0.024733 0.003499
v -0.027125 -0.024692 0.003361
v -0.027125 -0.024612 0.003239
v -0.027125 -0.024501 0.003146
v -0.027125 -0.024368 0.003089
v -0.032129 -0.024368 0.003089
v -0.032153 -0.024467 0.003127
v -0.032197 -0.024552 0.003183
v -0.032253 -0.024621 0.003249
v -0.032318 -0.024672 0.003323
v -0.032465 -0.024730 0.003481
v -0.032622 -0.024733 0.003641
v -0.032625 -0.024733 -0.003644
v -0.032625 -0.024970 -0.001219
v -0.032625 -0.024970 0.001219
v -0.032625 -0.024733 0.003644
v -0.032622 -0.024733 0.003641
v -0.032465 -0.024730 0.003481
v -0.032318 -0.024672 0.003323
v -0.032253 -0.024621 0.003249
v -0.032197 -0.024552 0.003183
v -0.032153 -0.024467 0.003127
v -0.032129 -0.024368 0.003089
v -0.032125 -0.024307 0.003072
v -0.032125 -0.024478 0.001026
v -0.032125 -0.024478 -0.001026
v -0.032125 -0.024307 -0.003072
v -0.032129 -0.024368 -0.003089
v -0.032153 -0.024467 -0.003127
v -0.032197 -0.024552 -0.003183
v -0.032253 -0.024621 -0.003249
v -0.032318 -0.024672 -0.003323
v -0.032465 -0.024730 -0.003481
v -0.032622 -0.024733 -0.003641
v -0.032470 -0.024946 -0.001217
v -0.032331 -0.024875 -0.001214
v -0.032220 -0.024764 -0.001209
v -0.032149 -0.024625 -0.001202
v -0.032470 -0.024946 0.001217
v -0.032331 -0.024875 0.001214
v -0.032220 -0.024764 0.001209
v -0.032149 -0.024625 0.001202
v -0.027125 -0.024368 -0.003089
v -0.032129 -0.024368 -0.003089
v -0.032125 -0.024307 -0.003072
v -0.032125 -0.021853 -0.002415
v -0.027125 -0.021853 -0.002415
v -0.032125 -0.024307 -0.003072
v -0.032125 -0.024478 -0.001026
v -0.032125 -0.024478 0.001026
v -0.032125 -0.024307 0.003072
v -0.032125 -0.021853 0.002415
v -0.032125 -0.021111 0.002079
v -0.032125 -0.020517 0.001522
v -0.032125 -0.020133 0.000804
v -0.032125 -0.020000 -0.000000
v -0.032125 -0.020133 -0.000804
v -0.032125 -0.020517 -0.001522
v -0.032125 -0.021111 -0.002079
v -0.032125 -0.021853 -0.002415
v -0.032125 -0.024100 -0.000000
v -0.032125 -0.024004 -0.000547
v -0.032125 -0.023726 -0.001028
v -0.032125 -0.023300 -0.001386
v -0.032125 -0.022778 -0.001576
v -0.032125 -0.022222 -0.001576
v -0.032125 -0.021700 -0.001386
v -0.032125 -0.021274 -0.001028
v -0.032125 -0.020996 -0.000547
v -0.032125 -0.020900 -0.000000
v -0.032125 -0.020996 0.000547
v -0.032125 -0.021274 0.001028
v -0.032125 -0.021700 0.001386
v -0.032125 -0.022222 0.001576
v -0.032125 -0.022778 0.001576
v -0.032125 -0.023300 0.001386
v -0.032125 -0.023726 0.001028
v -0.032125 -0.024004 0.000547
v -0.032129 -0.024368 0.003089
v -0.027125 -0.024368 0.003089
v -0.027125 -0.021853 0.002415
v -0.032125 -0.021853 0.002415
v -0.032125 -0.024307 0.003072
v -0.032125 0.012050 0.020871
v -0.032125 0.012476 0.020514
v -0.032125 0.012754 0.020033
v -0.032125 0.012850 0.019486
v -0.032125 0.012754 0.018938
v -0.032125 0.012476 0.018457
v -0.032125 0.012050 0.018100
v -0.032125 0.011528 0.017910
v -0.032125 0.010972 0.017910
v -0.032125 0.010450 0.018100
v -0.032125 0.010024 0.018457
v -0.032125 0.009746 0.018938
v -0.032125 0.009650 0.019486
v -0.032125 0.009746 0.020033
v -0.032125 0.010024 0.020514
v -0.032125 0.010450 0.020871
v -0.032125 0.010972 0.021061
v -0.032125 0.011528 0.021061
v -0.027125 0.010450 0.018100
v -0.027125 0.010972 0.017910
v -0.027125 0.011528 0.017910
v -0.027125 0.012050 0.018100
v -0.027125 0.012476 0.018457
v -0.027125 0.012754 0.018938
v -0.027125 0.012850 0.019486
v -0.027125 0.012754 0.020033
v -0.027125 0.012476 0.020514
v -0.027125 0.012050 0.020871
v -0.027125 0.011528 0.021061
v -0.027125 0.010972 0.021061
v -0.027125 0.010450 0.020871
v -0.027125 0.010024 0.020514
v -0.027125 0.009746 0.020033
v -0.027125 0.009650 0.019486
v -0.027125 0.009746 0.018938
v -0.027125 0.010024 0.018457
v -0.032125 0.012050 0.020871
v -0.027125 0.012050 0.020871
v -0.032125 0.012050 -0.020871
v -0.032125 0.011528 -0.021061
v -0.032125 0.010972 -0.021061
v -0.032125 0.010450 -0.020871
v -0.032125 0.010024 -0.020514
v -0.032125 0.009746 -0.020033
v -0.032125 0.009650 -0.019486
v -0.032125 0.009746 -0.018938
v -0.032125 0.010024 -0.018457
v -0.032125 0.010450 -0.018100
v -0.032125 0.010972 -0.017910
v -0.032125 0.011528 -0.017910
v -0.032125 0.012050 -0.018100
v -0.032125 0.012476 -0.018457
v -0.032125 0.012754 -0.018938
v -0.032125 0.012850 -0.019486
v -0.032125 0.012754 -0.020033
v -0.032125 0.012476 -0.020514
v -0.027125 0.010450 -0.018100
v -0.027125 0.010024 -0.018457
v -0.027125 0.009746 -0.018938
v -0.027125 0.009650 -0.019486
v -0.027125 0.009746 -0.020033
v -0.027125 0.010024 -0.020514
v -0.027125 0.010450 -0.020871
v -0.027125 0.010972 -0.021061
v -0.027125 0.011528 -0.021061
v -0.027125 0.012050 -0.020871
v -0.027125 0.012476 -0.020514
v -0.027125 0.012754 -0.020033
v -0.027125 0.012850 -0.019486
v -0.027125 0.012754 -0.018938
v -0.027125 0.012476 -0.018457
v -0.027125 0.012050 -0.018100
v -0.027125 0.011528 -0.017910
v -0.027125 0.010972 -0.017910
v -0.032125 0.012050 -0.020871
v -0.027125 0.012050 -0.020871
v -0.027125 0.013018 0.017718
v -0.027125 0.012356 0.017243
v -0.027125 0.011576 0.017007
v -0.027125 0.010762 0.017034
v -0.027125 0.010000 0.017321
v -0.027125 0.009370 0.017837
v -0.027125 0.008940 0.018529
v -0.027125 0.008755 0.019322
v -0.027125 0.008835 0.020133
v -0.032125 0.008835 0.020133
v -0.032125 0.008755 0.019322
v -0.032125 0.008940 0.018529
v -0.032125 0.009370 0.017837
v -0.032125 0.010000 0.017321
v -0.032125 0.010762 0.017034
v -0.032125 0.011576 0.017007
v -0.032125 0.012356 0.017243
v -0.032125 0.013018 0.017718
v -0.032129 0.009509 -0.022647
v -0.027125 0.009509 -0.022647
v -0.027125 0.008835 -0.020133
v -0.032125 0.008835 -0.020133
v -0.032125 0.009493 -0.022586
v -0.027125 0.014859 -0.019559
v -0.032129 0.014859 -0.019559
v -0.032125 0.014814 -0.019514
v -0.032125 0.013018 -0.017718
v -0.027125 0.013018 -0.017718
v -0.027125 0.008835 -0.020133
v -0.027125 0.008755 -0.019322
v -0.027125 0.008940 -0.018529
v -0.027125 0.009370 -0.017837
v -0.027125 0.010000 -0.017321
v -0.027125 0.010762 -0.017034
v -0.027125 0.011576 -0.017007
v -0.027125 0.012356 -0.017243
v -0.027125 0.013018 -0.017718
v -0.032125 0.013018 -0.017718
v -0.032125 0.012356 -0.017243
v -0.032125 0.011576 -0.017007
v -0.032125 0.010762 -0.017034
v -0.032125 0.010000 -0.017321
v -0.032125 0.009370 -0.017837
v -0.032125 0.008940 -0.018529
v -0.032125 0.008755 -0.019322
v -0.032125 0.008835 -0.020133
v -0.032125 0.014814 -0.019514
v -0.032125 0.013128 -0.020686
v -0.032125 0.011350 -0.021712
v -0.032125 0.009493 -0.022586
v -0.032125 0.008835 -0.020133
v -0.032125 0.008755 -0.019322
v -0.032125 0.008940 -0.018529
v -0.032125 0.009370 -0.017837
v -0.032125 0.010000 -0.017321
v -0.032125 0.010762 -0.017034
v -0.032125 0.011576 -0.017007
v -0.032125 0.012356 -0.017243
v -0.032125 0.013018 -0.017718
v -0.032125 0.012050 -0.020871
v -0.032125 0.012476 -0.020514
v -0.032125 0.012754 -0.020033
v -0.032125 0.012850 -0.019486
v -0.032125 0.012754 -0.018938
v -0.032125 0.012476 -0.018457
v -0.032125 0.012050 -0.018100
v -0.032125 0.011528 -0.017910
v -0.032125 0.010972 -0.017910
v -0.032125 0.010450 -0.018100
v -0.032125 0.010024 -0.018457
v -0.032125 0.009746 -0.018938
v -0.032125 0.009650 -0.019486
v -0.032125 0.009746 -0.020033
v -0.032125 0.010024 -0.020514
v -0.032125 0.010450 -0.020871
v -0.032125 0.010972 -0.021061
v -0.032125 0.011528 -0.021061
v -0.032125 -0.024100 -0.000000
v -0.032125 -0.024004 0.000547
v -0.032125 -0.023726 0.001028
v -0.032125 -0.023300 0.001386
v -0.032125 -0.022778 0.001576
v -0.032125 -0.022222 0.001576
v -0.032125 -0.021700 0.001386
v -0.032125 -0.021274 0.001028
v -0.032125 -0.020996 0.000547
v -0.032125 -0.020900 -0.000000
v -0.032125 -0.020996 -0.000547
v -0.032125 -0.021274 -0.001028
v -0.032125 -0.021700 -0.001386
v -0.032125 -0.022222 -0.001576
v -0.032125 -0.022778 -0.001576
v -0.032125 -0.023300 -0.001386
v -0.032125 -0.023726 -0.001028
v -0.032125 -0.024004 -0.000547
v -0.027125 -0.020900 -0.000000
v -0.027125 -0.020996 0.000547
v -0.027125 -0.021274 0.001028
v -0.027125 -0.021700 0.001386
v -0.027125 -0.022222 0.001576
v -0.027125 -0.022778 0.001576
v -0.027125 -0.023300 0.001386
v -0.027125 -0.023726 0.001028
v -0.027125 -0.024004 0.000547
v -0.027125 -0.024100 -0.000000
v -0.027125 -0.024004 -0.000547
v -0.027125 -0.023726 -0.001028
v -0.027125 -0.023300 -0.001386
v -0.027125 -0.022778 -0.001576
v -0.027125 -0.022222 -0.001576
v -0.027125 -0.021700 -0.001386
v -0.027125 -0.021274 -0.001028
v -0.027125 -0.020996 -0.000547
v -0.032125 -0.024100 -0.000000
v -0.027125 -0.024100 -0.000000
v -0.027125 -0.021853 0.002415
v -0.027125 -0.021111 0.002079
v -0.027125 -0.020517 0.001522
v -0.027125 -0.020133 0.000804
v -0.027125 -0.020000 -0.000000
v -0.027125 -0.020133 -0.000804
v -0.027125 -0.020517 -0.001522
v -0.027125 -0.021111 -0.002079
v -0.027125 -0.021853 -0.002415
v -0.032125 -0.021853 -0.002415
v -0.032125 -0.021111 -0.002079
v -0.032125 -0.020517 -0.001522
v -0.032125 -0.020133 -0.000804
v -0.032125 -0.020000 -0.000000
v -0.032125 -0.020133 0.000804
v -0.032125 -0.020517 0.001522
v -0.032125 -0.021111 0.002079
v -0.032125 -0.021853 0.002415
v -0.040375 -0.031500 -0.000000
v -0.040375 -0.031327 0.003293
v -0.040375 -0.030812 0.006549
v -0.040375 -0.029958 0.009734
v -0.040375 -0.028777 0.012812
v -0.040375 -0.027280 0.015750
v -0.040375 -0.025484 0.018515
v -0.040375 -0.023409 0.021078
v -0.040375 -0.021078 0.023409
v -0.040375 -0.018515 0.025484
v -0.040375 -0.015750 0.027280
v -0.040375 -0.012812 0.028777
v -0.040375 -0.009734 0.029958
v -0.040375 -0.006549 0.030812
v -0.040375 -0.003293 0.031327
v -0.040375 -0.000000 0.031500
v -0.040375 0.003293 0.031327
v -0.040375 0.006549 0.030812
v -0.040375 0.009734 0.029958
v -0.040375 0.012812 0.028777
v -0.040375 0.015750 0.027280
v -0.040375 0.018515 0.025484
v -0.040375 0.021078 0.023409
v -0.040375 0.023409 0.021078
v -0.040375 0.025484 0.018515
v -0.040375 0.027280 0.015750
v -0.040375 0.028777 0.012812
v -0.040375 0.029958 0.009734
v -0.040375 0.030812 0.006549
v -0.040375 0.031327 0.003293
v -0.040375 0.031500 -0.000000
v -0.040375 0.031327 -0.003293
v -0.040375 0.030812 -0.006549
v -0.040375 0.029958 -0.009734
v -0.040375 0.028777 -0.012812
v -0.040375 0.027280 -0.015750
v -0.040375 0.025484 -0.018515
v -0.040375 0.023409 -0.021078
v -0.040375 0.021078 -0.023409
v -0.040375 0.018515 -0.025484
v -0.040375 0.015750 -0.027280
v -0.040375 0.012812 -0.028777
v -0.040375 0.009734 -0.029958
v -0.040375 0.006549 -0.030812
v -0.040375 0.003293 -0.031327
v -0.040375 -0.000000 -0.031500
v -0.040375 -0.003293 -0.031327
v -0.040375 -0.006549 -0.030812
v -0.040375 -0.009734 -0.029958
v -0.040375 -0.012812 -0.028777
v -0.040375 -0.015750 -0.027280
v -0.040375 -0.018515 -0.025484
v -0.040375 -0.021078 -0.023409
v -0.040375 -0.023409 -0.021078
v -0.040375 -0.025484 -0.018515
v -0.040375 -0.027280 -0.015750
v -0.040375 -0.028777 -0.012812
v -0.040375 -0.029958 -0.009734
v -0.040375 -0.030812 -0.006549
v -0.040375 -0.031327 -0.003293
v -0.041875 -0.031500 -0.000000
v -0.041875 -0.031327 -0.003293
v -0.041875 -0.030812 -0.006549
v -0.041875 -0.029958 -0.009734
v -0.041875 -0.028777 -0.012812
v -0.041875 -0.027280 -0.015750
v -0.041875 -0.025484 -0.018515
v -0.041875 -0.023409 -0.021078
v -0.041875 -0.021078 -0.023409
v -0.041875 -0.018515 -0.025484
v -0.041875 -0.015750 -0.027280
v -0.041875 -0.012812 -0.028777
v -0.041875 -0.009734 -0.029958
v -0.041875 -0.006549 -0.030812
v -0.041875 -0.003293 -0.031327
v -0.041875 -0.000000 -0.031500
v -0.041875 0.003293 -0.031327
v -0.041875 0.006549 -0.030812
v -0.041875 0.009734 -0.029958
v -0.041875 0.012812 -0.028777
v -0.041875 0.015750 -0.027280
v -0.041875 0.018515 -0.025484
v -0.041875 0.021078 -0.023409
v -0.041875 0.023409 -0.021078
v -0.041875 0.025484 -0.018515
v -0.041875 0.027280 -0.015750
v -0.041875 0.028777 -0.012812
v -0.041875 0.029958 -0.009734
v -0.041875 0.030812 -0.006549
v -0.041875 0.031327 -0.003293
v -0.041875 0.031500 -0.000000
v -0.041875 0.031327 0.003293
v -0.041875 0.030812 0.006549
v -0.041875 0.029958 0.009734
v -0.041875 0.028777 0.012812
v -0.041875 0.027280 0.015750
v -0.041875 0.025484 0.018515
v -0.041875 0.023409 0.021078
v -0.041875 0.021078 0.023409
v -0.041875 0.018515 0.025484
v -0.041875 0.015750 0.027280
v -0.041875 0.012812 0.028777
v -0.041875 0.009734 0.029958
v -0.041875 0.006549 0.030812
v -0.041875 0.003293 0.031327
v -0.041875 -0.000000 0.031500
v -0.041875 -0.003293 0.031327
v -0.041875 -0.006549 0.030812
v -0.041875 -0.009734 0.029958
v -0.041875 -0.012812 0.028777
v -0.041875 -0.015750 0.027280
v -0.041875 -0.018515 0.025484
v -0.041875 -0.021078 0.023409
v -0.041875 -0.023409 0.021078
v -0.041875 -0.025484 0.018515
v -0.041875 -0.027280 0.015750
v -0.041875 -0.028777 0.012812
v -0.041875 -0.029958 0.009734
v -0.041875 -0.030812 0.006549
v -0.041875 -0.031327 0.003293
v -0.041875 -0.031500 -0.000000
v -0.040375 -0.031500 -0.000000
v -0.040375 -0.027500 -0.000000
v -0.040375 -0.027327 0.003079
v -0.040375 -0.026811 0.006119
v -0.040375 -0.025957 0.009083
v -0.040375 -0.024777 0.011932
v -0.040375 -0.023285 0.014631
v -0.040375 -0.021500 0.017146
v -0.040375 -0.019445 0.019445
v -0.040375 -0.017146 0.021500
v -0.040375 -0.014631 0.023285
v -0.040375 -0.011932 0.024777
v -0.040375 -0.009083 0.025957
v -0.040375 -0.006119 0.026811
v -0.040375 -0.003079 0.027327
v -0.040375 -0.000000 0.027500
v -0.040375 0.003079 0.027327
v -0.040375 0.006119 0.026811
v -0.040375 0.009083 0.025957
v -0.040375 0.011932 0.024777
v -0.040375 0.014631 0.023285
v -0.040375 0.017146 0.021500
v -0.040375 0.019445 0.019445
v -0.040375 0.021500 0.017146
v -0.040375 0.023285 0.014631
v -0.040375 0.024777 0.011932
v -0.040375 0.025957 0.009083
v -0.040375 0.026811 0.006119
v -0.040375 0.027327 0.003079
v -0.040375 0.027500 -0.000000
v -0.040375 0.027327 -0.003079
v -0.040375 0.026811 -0.006119
v -0.040375 0.025957 -0.009083
v -0.040375 0.024777 -0.011932
v -0.040375 0.023285 -0.014631
v -0.040375 0.021500 -0.017146
v -0.040375 0.019445 -0.019445
v -0.040375 0.017146 -0.021500
v -0.040375 0.014631 -0.023285
v -0.040375 0.011932 -0.024777
v -0.040375 0.009083 -0.025957
v -0.040375 0.006119 -0.026811
v -0.040375 0.003079 -0.027327
v -0.040375 -0.000000 -0.027500
v -0.040375 -0.003079 -0.027327
v -0.040375 -0.006119 -0.026811
v -0.040375 -0.009083 -0.025957
v -0.040375 -0.011932 -0.024777
v -0.040375 -0.014631 -0.023285
v -0.040375 -0.017146 -0.021500
v -0.040375 -0.019445 -0.019445
v -0.040375 -0.021500 -0.017146
v -0.040375 -0.023285 -0.014631
v -0.040375 -0.024777 -0.011932
v -0.040375 -0.025957 -0.009083
v -0.040375 -0.026811 -0.006119
v -0.040375 -0.027327 -0.003079
v -0.040375 -0.031500 -0.000000
v -0.040375 -0.031327 -0.003293
v -0.040375 -0.030812 -0.006549
v -0.040375 -0.029958 -0.009734
v -0.040375 -0.028777 -0.012812
v -0.040375 -0.027280 -0.015750
v -0.040375 -0.025484 -0.018515
v -0.040375 -0.023409 -0.021078
v -0.040375 -0.021078 -0.023409
v -0.040375 -0.018515 -0.025484
v -0.040375 -0.015750 -0.027280
v -0.040375 -0.012812 -0.028777
v -0.040375 -0.009734 -0.029958
v -0.040375 -0.006549 -0.030812
v -0.040375 -0.003293 -0.031327
v -0.040375 -0.000000 -0.031500
v -0.040375 0.003293 -0.031327
v -0.040375 0.006549 -0.030812
v -0.040375 0.009734 -0.029958
v -0.040375 0.012812 -0.028777
v -0.040375 0.015750 -0.027280
v -0.040375 0.018515 -0.025484
v -0.040375 0.021078 -0.023409
v -0.040375 0.023409 -0.021078
v -0.040375 0.025484 -0.018515
v -0.040375 0.027280 -0.015750
v -0.040375 0.028777 -0.012812
v -0.040375 0.029958 -0.009734
v -0.040375 0.030812 -0.006549
v -0.040375 0.031327 -0.003293
v -0.040375 0.031500 -0.000000
v -0.040375 0.031327 0.003293
v -0.040375 0.030812 0.006549
v -0.040375 0.029958 0.009734
v -0.040375 0.028777 0.012812
v -0.040375 0.027280 0.015750
v -0.040375 0.025484 0.018515
v -0.040375 0.023409 0.021078
v -0.040375 0.021078 0.023409
v -0.040375 0.018515 0.025484
v -0.040375 0.015750 0.027280
v -0.040375 0.012812 0.028777
v -0.040375 0.009734 0.029958
v -0.040375 0.006549 0.030812
v -0.040375 0.003293 0.031327
v -0.040375 -0.000000 0.031500
v -0.040375 -0.003293 0.031327
v -0.040375 -0.006549 0.030812
v -0.040375 -0.009734 0.029958
v -0.040375 -0.012812 0.028777
v -0.040375 -0.015750 0.027280
v -0.040375 -0.018515 0.025484
v -0.040375 -0.021078 0.023409
v -0.040375 -0.023409 0.021078
v -0.040375 -0.025484 0.018515
v -0.040375 -0.027280 0.015750
v -0.040375 -0.028777 0.012812
v -0.040375 -0.029958 0.009734
v -0.040375 -0.030812 0.006549
v -0.040375 -0.031327 0.003293
v -0.040375 -0.027500 -0.000000
v -0.040375 -0.027327 -0.003079
v -0.040375 -0.026811 -0.006119
v -0.040375 -0.025957 -0.009083
v -0.040375 -0.024777 -0.011932
v -0.040375 -0.023285 -0.014631
v -0.040375 -0.021500 -0.017146
v -0.040375 -0.019445 -0.019445
v -0.040375 -0.017146 -0.021500
v -0.040375 -0.014631 -0.023285
v -0.040375 -0.011932 -0.024777
v -0.040375 -0.009083 -0.025957
v -0.040375 -0.006119 -0.026811
v -0.040375 -0.003079 -0.027327
v -0.040375 -0.000000 -0.027500
v -0.040375 0.003079 -0.027327
v -0.040375 0.006119 -0.026811
v -0.040375 0.009083 -0.025957
v -0.040375 0.011932 -0.024777
v -0.040375 0.014631 -0.023285
v -0.040375 0.017146 -0.021500
v -0.040375 0.019445 -0.019445
v -0.040375 0.021500 -0.017146
v -0.040375 0.023285 -0.014631
v -0.040375 0.024777 -0.011932
v -0.040375 0.025957 -0.009083
v -0.040375 0.026811 -0.006119
v -0.040375 0.027327 -0.003079
v -0.040375 0.027500 -0.000000
v -0.040375 0.027327 0.003079
v -0.040375 0.026811 0.006119
v -0.040375 0.025957 0.009083
v -0.040375 0.024777 0.011932
v -0.040375 0.023285 0.014631
v -0.040375 0.021500 0.017146
v -0.040375 0.019445 0.019445
v -0.040375 0.017146 0.021500
v -0.040375 0.014631 0.023285
v -0.040375 0.011932 0.024777
v -0.040375 0.009083 0.025957
v -0.040375 0.006119 0.026811
v -0.040375 0.003079 0.027327
v -0.040375 -0.000000 0.027500
v -0.040375 -0.003079 0.027327
v -0.040375 -0.006119 0.026811
v -0.040375 -0.009083 0.025957
v -0.040375 -0.011932 0.024777
v -0.040375 -0.014631 0.023285
v -0.040375 -0.017146 0.021500
v -0.040375 -0.019445 0.019445
v -0.040375 -0.021500 0.017146
v -0.040375 -0.023285 0.014631
v -0.040375 -0.024777 0.011932
v -0.040375 -0.025957 0.009083
v -0.040375 -0.026811 0.006119
v -0.040375 -0.027327 0.003079
v -0.027125 -0.027500 -0.000000
v -0.027125 -0.027327 0.003079
v -0.027125 -0.026811 0.006119
v -0.027125 -0.025957 0.009083
v -0.027125 -0.024777 0.011932
v -0.027125 -0.023285 0.014631
v -0.027125 -0.021500 0.017146
v -0.027125 -0.019445 0.019445
v -0.027125 -0.017146 0.021500
v -0.027125 -0.014631 0.023285
v -0.027125 -0.011932 0.024777
v -0.027125 -0.009083 0.025957
v -0.027125 -0.006119 0.026811
v -0.027125 -0.003079 0.027327
v -0.027125 -0.000000 0.027500
v -0.027125 0.003079 0.027327
v -0.027125 0.006119 0.026811
v -0.027125 0.009083 0.025957
v -0.027125 0.011932 0.024777
v -0.027125 0.014631 0.023285
v -0.027125 0.017146 0.021500
v -0.027125 0.019445 0.019445
v -0.027125 0.021500 0.017146
v -0.027125 0.023285 0.014631
v -0.027125 0.024777 0.011932
v -0.027125 0.025957 0.009083
v -0.027125 0.026811 0.006119
v -0.027125 0.027327 0.003079
v -0.027125 0.027500 -0.000000
v -0.027125 0.027327 -0.003079
v -0.027125 0.026811 -0.006119
v -0.027125 0.025957 -0.009083
v -0.027125 0.024777 -0.011932
v -0.027125 0.023285 -0.014631
v -0.027125 0.021500 -0.017146
v -0.027125 0.019445 -0.019445
v -0.027125 0.017146 -0.021500
v -0.027125 0.014631 -0.023285
v -0.027125 0.011932 -0.024777
v -0.027125 0.009083 -0.025957
v -0.027125 0.006119 -0.026811
v -0.027125 0.003079 -0.027327
v -0.027125 -0.000000 -0.027500
v -0.027125 -0.003079 -0.027327
v -0.027125 -0.006119 -0.026811
v -0.027125 -0.009083 -0.025957
v -0.027125 -0.011932 -0.024777
v -0.027125 -0.014631 -0.023285
v -0.027125 -0.017146 -0.021500
v -0.027125 -0.019445 -0.019445
v -0.027125 -0.021500 -0.017146
v -0.027125 -0.023285 -0.014631
v -0.027125 -0.024777 -0.011932
v -0.027125 -0.025957 -0.009083
v -0.027125 -0.026811 -0.006119
v -0.027125 -0.027327 -0.003079
v -0.040375 -0.027500 -0.000000
v -0.027125 -0.027500 -0.000000
v -0.027125 0.010450 0.018100
v -0.027125 0.010024 0.018457
v -0.027125 0.009746 0.018938
v -0.027125 0.009650 0.019486
v -0.027125 0.009746 0.020033
v -0.027125 0.010024 0.020514
v -0.027125 0.010450 0.020871
v -0.027125 0.010972 0.021061
v -0.027125 0.011528 0.021061
v -0.027125 0.012050 0.020871
v -0.027125 0.012476 0.020514
v -0.027125 0.012754 0.020033
v -0.027125 0.012850 0.019486
v -0.027125 0.012754 0.018938
v -0.027125 0.012476 0.018457
v -0.027125 0.012050 0.018100
v -0.027125 0.011528 0.017910
v -0.027125 0.010972 0.017910
v -0.027125 0.010450 -0.018100
v -0.027125 0.010972 -0.017910
v -0.027125 0.011528 -0.017910
v -0.027125 0.012050 -0.018100
v -0.027125 0.012476 -0.018457
v -0.027125 0.012754 -0.018938
v -0.027125 0.012850 -0.019486
v -0.027125 0.012754 -0.020033
v -0.027125 0.012476 -0.020514
v -0.027125 0.012050 -0.020871
v -0.027125 0.011528 -0.021061
v -0.027125 0.010972 -0.021061
v -0.027125 0.010450 -0.020871
v -0.027125 0.010024 -0.020514
v -0.027125 0.009746 -0.020033
v -0.027125 0.009650 -0.019486
v -0.027125 0.009746 -0.018938
v -0.027125 0.010024 -0.018457
v -0.027125 -0.020900 -0.000000
v -0.027125 -0.020996 -0.000547
v -0.027125 -0.021274 -0.001028
v -0.027125 -0.021700 -0.001386
v -0.027125 -0.022222 -0.001576
v -0.027125 -0.022778 -0.001576
v -0.027125 -0.023300 -0.001386
v -0.027125 -0.023726 -0.001028
v -0.027125 -0.024004 -0.000547
v -0.027125 -0.024100 -0.000000
v -0.027125 -0.024004 0.000547
v -0.027125 -0.023726 0.001028
v -0.027125 -0.023300 0.001386
v -0.027125 -0.022778 0.001576
v -0.027125 -0.022222 0.001576
v -0.027125 -0.021700 0.001386
v -0.027125 -0.021274 0.001028
v -0.027125 -0.020996 0.000547
v -0.027125 -0.024733 0.003644
v -0.027125 -0.024167 0.006401
v -0.027125 -0.023294 0.009076
v -0.027125 -0.022127 0.011636
v -0.027125 -0.020679 0.014049
v -0.027125 -0.018969 0.016284
v -0.027125 -0.017019 0.018312
v -0.027125 -0.014854 0.020109
v -0.027125 -0.012500 0.021651
v -0.027125 -0.009988 0.022918
v -0.027125 -0.007349 0.023895
v -0.027125 -0.004617 0.024570
v -0.027125 -0.001827 0.024933
v -0.027125 0.000986 0.024981
v -0.027125 0.003787 0.024711
v -0.027125 0.006540 0.024129
v -0.027125 0.009210 0.023242
v -0.027125 0.009336 0.023169
v -0.027125 0.009435 0.023064
v -0.027125 0.009501 0.022934
v -0.027125 0.009526 0.022791
v -0.027125 0.009509 0.022647
v -0.027125 0.008835 0.020133
v -0.027125 0.008755 0.019322
v -0.027125 0.008940 0.018529
v -0.027125 0.009370 0.017837
v -0.027125 0.010000 0.017321
v -0.027125 0.010762 0.017034
v -0.027125 0.011576 0.017007
v -0.027125 0.012356 0.017243
v -0.027125 0.013018 0.017718
v -0.027125 0.014859 0.019559
v -0.027125 0.014975 0.019645
v -0.027125 0.015111 0.019695
v -0.027125 0.015256 0.019703
v -0.027125 0.015397 0.019670
v -0.027125 0.015523 0.019597
v -0.027125 0.017627 0.017729
v -0.027125 0.019507 0.015636
v -0.027125 0.021141 0.013344
v -0.027125 0.022506 0.010884
v -0.027125 0.023587 0.008286
v -0.027125 0.024369 0.005583
v -0.027125 0.024842 0.002809
v -0.027125 0.025000 -0.000000
v -0.027125 0.024842 -0.002809
v -0.027125 0.024369 -0.005583
v -0.027125 0.023587 -0.008286
v -0.027125 0.022506 -0.010884
v -0.027125 0.021141 -0.013344
v -0.027125 0.019507 -0.015636
v -0.027125 0.017627 -0.017729
v -0.027125 0.015523 -0.019597
v -0.027125 0.015397 -0.019670
v -0.027125 0.015256 -0.019703
v -0.027125 0.015111 -0.019695
v -0.027125 0.014975 -0.019645
v -0.027125 0.014859 -0.019559
v -0.027125 0.013018 -0.017718
v -0.027125 0.012356 -0.017243
v -0.027125 0.011576 -0.017007
v -0.027125 0.010762 -0.017034
v -0.027125 0.010000 -0.017321
v -0.027125 0.009370 -0.017837
v -0.027125 0.008940 -0.018529
v -0.027125 0.008755 -0.019322
v -0.027125 0.008835 -0.020133
v -0.027125 0.009509 -0.022647
v -0.027125 0.009526 -0.022791
v -0.027125 0.009501 -0.022934
v -0.027125 0.009435 -0.023064
v -0.027125 0.009336 -0.023169
v -0.027125 0.009210 -0.023242
v -0.027125 0.006540 -0.024129
v -0.027125 0.003787 -0.024711
v -0.027125 0.000986 -0.024981
v -0.027125 -0.001827 -0.024933
v -0.027125 -0.004617 -0.024570
v -0.027125 -0.007349 -0.023895
v -0.027125 -0.009988 -0.022918
v -0.027125 -0.012500 -0.021651
v -0.027125 -0.014854 -0.020109
v -0.027125 -0.017019 -0.018312
v -0.027125 -0.018969 -0.016284
v -0.027125 -0.020679 -0.014049
v -0.027125 -0.022127 -0.011636
v -0.027125 -0.023294 -0.009076
v -0.027125 -0.024167 -0.006401
v -0.027125 -0.024733 -0.003644
v -0.027125 -0.024733 -0.003499
v -0.027125 -0.024692 -0.003361
v -0.027125 -0.024612 -0.003239
v -0.027125 -0.024501 -0.003146
v -0.027125 -0.024368 -0.003089
v -0.027125 -0.021853 -0.002415
v -0.027125 -0.021111 -0.002079
v -0.027125 -0.020517 -0.001522
v -0.027125 -0.020133 -0.000804
v -0.027125 -0.020000 -0.000000
v -0.027125 -0.020133 0.000804
v -0.027125 -0.020517 0.001522
v -0.027125 -0.021111 0.002079
v -0.027125 -0.021853 0.002415
v -0.027125 -0.024368 0.003089
v -0.027125 -0.024501 0.003146
v -0.027125 -0.024612 0.003239
v -0.027125 -0.024692 0.003361
v -0.027125 -0.024733 0.003499
v -0.027125 -0.027500 -0.000000
v -0.027125 -0.027327 -0.003079
v -0.027125 -0.026811 -0.006119
v -0.027125 -0.025957 -0.009083
v -0.027125 -0.024777 -0.011932
v -0.027125 -0.023285 -0.014631
v -0.027125 -0.021500 -0.017146
v -0.027125 -0.019445 -0.019445
v -0.027125 -0.017146 -0.021500
v -0.027125 -0.014631 -0.023285
v -0.027125 -0.011932 -0.024777
v -0.027125 -0.009083 -0.025957
v -0.027125 -0.006119 -0.026811
v -0.027125 -0.003079 -0.027327
v -0.027125 -0.000000 -0.027500
v -0.027125 0.003079 -0.027327
v -0.027125 0.006119 -0.026811
v -0.027125 0.009083 -0.025957
v -0.027125 0.011932 -0.024777
v -0.027125 0.014631 -0.023285
v -0.027125 0.017146 -0.021500
v -0.027125 0.019445 -0.019445
v -0.027125 0.021500 -0.017146
v -0.027125 0.023285 -0.014631
v -0.027125 0.024777 -0.011932
v -0.027125 0.025957 -0.009083
v -0.027125 0.026811 -0.006119
v -0.027125 0.027327 -0.003079
v -0.027125 0.027500 -0.000000
v -0.027125 0.027327 0.003079
v -0.027125 0.026811 0.006119
v -0.027125 0.025957 0.009083
v -0.027125 0.024777 0.011932
v -0.027125 0.023285 0.014631
v -0.027125 0.021500 0.017146
v -0.027125 0.019445 0.019445
v -0.027125 0.017146 0.021500
v -0.027125 0.014631 0.023285
v -0.027125 0.011932 0.024777
v -0.027125 0.009083 0.025957
v -0.027125 0.006119 0.026811
v -0.027125 0.003079 0.027327
v -0.027125 -0.000000 0.027500
v -0.027125 -0.003079 0.027327
v -0.027125 -0.006119 0.026811
v -0.027125 -0.009083 0.025957
v -0.027125 -0.011932 0.024777
v -0.027125 -0.014631 0.023285
v -0.027125 -0.017146 0.021500
v -0.027125 -0.019445 0.019445
v -0.027125 -0.021500 0.017146
v -0.027125 -0.023285 0.014631
v -0.027125 -0.024777 0.011932
v -0.027125 -0.025957 0.009083
v -0.027125 -0.026811 0.006119
v -0.027125 -0.027327 0.003079
v -0.041875 -0.031500 -0.000000
v -0.041875 -0.031327 0.003293
v -0.041875 -0.030812 0.006549
v -0.041875 -0.029958 0.009734
v -0.041875 -0.028777 0.012812
v -0.041875 -0.027280 0.015750
v -0.041875 -0.025484 0.018515
v -0.041875 -0.023409 0.021078
v -0.041875 -0.021078 0.023409
v -0.041875 -0.018515 0.025484
v -0.041875 -0.015750 0.027280
v -0.041875 -0.012812 0.028777
v -0.041875 -0.009734 0.029958
v -0.041875 -0.006549 0.030812
v -0.041875 -0.003293 0.031327
v -0.041875 -0.000000 0.031500
v -0.041875 0.003293 0.031327
v -0.041875 0.006549 0.030812
v -0.041875 0.009734 0.029958
v -0.041875 0.012812 0.028777
v -0.041875 0.015750 0.027280
v -0.041875 0.018515 0.025484
v -0.041875 0.021078 0.023409
v -0.041875 0.023409 0.021078
v -0.041875 0.025484 0.018515
v -0.041875 0.027280 0.015750
v -0.041875 0.028777 0.012812
v -0.041875 0.029958 0.009734
v -0.041875 0.030812 0.006549
v -0.041875 0.031327 0.003293
v -0.041875 0.031500 -0.000000
v -0.041875 0.031327 -0.003293
v -0.041875 0.030812 -0.006549
v -0.041875 0.029958 -0.009734
v -0.041875 0.028777 -0.012812
v -0.041875 0.027280 -0.015750
v -0.041875 0.025484 -0.018515
v -0.041875 0.023409 -0.021078
v -0.041875 0.021078 -0.023409
v -0.041875 0.018515 -0.025484
v -0.041875 0.015750 -0.027280
v -0.041875 0.012812 -0.028777
v -0.041875 0.009734 -0.029958
v -0.041875 0.006549 -0.030812
v -0.041875 0.003293 -0.031327
v -0.041875 -0.000000 -0.031500
v -0.041875 -0.003293 -0.031327
v -0.041875 -0.006549 -0.030812
v -0.041875 -0.009734 -0.029958
v -0.041875 -0.012812 -0.028777
v -0.041875 -0.015750 -0.027280
v -0.041875 -0.018515 -0.025484
v -0.041875 -0.021078 -0.023409
v -0.041875 -0.023409 -0.021078
v -0.041875 -0.025484 -0.018515
v -0.041875 -0.027280 -0.015750
v -0.041875 -0.028777 -0.012812
v -0.041875 -0.029958 -0.009734
v -0.041875 -0.030812 -0.006549
v -0.041875 -0.031327 -0.003293
v -0.041875 -0.025000 -0.000000
v -0.041875 -0.024825 -0.002957
v -0.041875 -0.024301 -0.005872
v -0.041875 -0.023435 -0.008705
v -0.041875 -0.022241 -0.011416
v -0.041875 -0.020735 -0.013966
v -0.041875 -0.018938 -0.016321
v -0.041875 -0.016875 -0.018446
v -0.041875 -0.014574 -0.020312
v -0.041875 -0.012070 -0.021893
v -0.041875 -0.009396 -0.023167
v -0.041875 -0.006590 -0.024116
v -0.041875 -0.003691 -0.024726
v -0.041875 -0.000741 -0.024989
v -0.041875 0.002220 -0.024901
v -0.041875 0.005149 -0.024464
v -0.041875 0.008007 -0.023683
v -0.041875 0.010752 -0.022570
v -0.041875 0.013346 -0.021140
v -0.041875 0.015752 -0.019413
v -0.041875 0.017938 -0.017414
v -0.041875 0.019871 -0.015170
v -0.041875 0.021526 -0.012713
v -0.041875 0.022879 -0.010078
v -0.041875 0.023910 -0.007301
v -0.041875 0.024606 -0.004422
v -0.041875 0.024956 -0.001481
v -0.041875 0.024956 0.001481
v -0.041875 0.024606 0.004422
v -0.041875 0.023910 0.007301
v -0.041875 0.022879 0.010078
v -0.041875 0.021526 0.012713
v -0.041875 0.019871 0.015170
v -0.041875 0.017938 0.017414
v -0.041875 0.015752 0.019413
v -0.041875 0.013346 0.021140
v -0.041875 0.010752 0.022570
v -0.041875 0.008007 0.023683
v -0.041875 0.005149 0.024464
v -0.041875 0.002220 0.024901
v -0.041875 -0.000741 0.024989
v -0.041875 -0.003691 0.024726
v -0.041875 -0.006590 0.024116
v -0.041875 -0.009396 0.023167
v -0.041875 -0.012070 0.021893
v -0.041875 -0.014574 0.020312
v -0.041875 -0.016875 0.018446
v -0.041875 -0.018938 0.016321
v -0.041875 -0.020735 0.013966
v -0.041875 -0.022241 0.011416
v -0.041875 -0.023435 0.008705
v -0.041875 -0.024301 0.005872
v -0.041875 -0.024825 0.002957
v -0.027125 0.030800 -0.020000
v -0.027125 0.030800 0.020000
v -0.027125 0.033800 0.020000
v -0.027125 0.033800 -0.020000
v -0.030125 0.030800 -0.020000
v -0.027125 0.030800 -0.020000
v -0.027125 0.033800 -0.020000
v -0.030125 0.033800 -0.020000
v -0.027125 0.030800 0.020000
v -0.030125 0.030800 0.020000
v -0.030125 0.033800 0.020000
v -0.027125 0.033800 0.020000
v -0.030125 0.033800 -0.020000
v -0.027125 0.033800 -0.020000
v -0.027125 0.033800 0.020000
v -0.030125 0.033800 0.020000
v -0.030125 0.033800 0.035000
v 0.006875 0.033800 0.035000
v 0.010534 0.033800 0.034808
v 0.014152 0.033800 0.034235
v 0.017691 0.033800 0.033287
v 0.021111 0.033800 0.031974
v 0.024375 0.033800 0.030311
v 0.027447 0.033800 0.028316
v 0.030295 0.033800 0.026010
v 0.032885 0.033800 0.023420
v 0.035191 0.033800 0.020572
v 0.037186 0.033800 0.017500
v 0.038849 0.033800 0.014236
v 0.040162 0.033800 0.010816
v 0.041110 0.033800 0.007277
v 0.041683 0.033800 0.003658
v 0.041875 0.033800 -0.000000
v 0.041683 0.033800 -0.003659
v 0.041110 0.033800 -0.007277
v 0.040162 0.033800 -0.010816
v 0.038849 0.033800 -0.014236
v 0.037186 0.033800 -0.017500
v 0.035191 0.033800 -0.020572
v 0.032885 0.033800 -0.023420
v 0.030295 0.033800 -0.026010
v 0.027447 0.033800 -0.028316
v 0.024375 0.033800 -0.030311
v 0.021111 0.033800 -0.031974
v 0.017691 0.033800 -0.033287
v 0.014152 0.033800 -0.034235
v 0.010533 0.033800 -0.034808
v 0.006875 0.033800 -0.035000
v -0.030125 0.033800 -0.035000
v 0.006875 0.033800 -0.027500
v 0.010128 0.033800 -0.027307
v 0.013334 0.033800 -0.026731
v 0.016451 0.033800 -0.025779
v 0.019432 0.033800 -0.024466
v 0.022238 0.033800 -0.022809
v 0.024828 0.033800 -0.020832
v 0.027165 0.033800 -0.018562
v 0.029218 0.033800 -0.016032
v 0.030958 0.033800 -0.013277
v 0.032359 0.033800 -0.010335
v 0.033402 0.033800 -0.007249
v 0.034074 0.033800 -0.004060
v 0.034363 0.033800 -0.000815
v 0.034266 0.033800 0.002442
v 0.033785 0.033800 0.005664
v 0.032926 0.033800 0.008807
v 0.031702 0.033800 0.011827
v 0.030129 0.033800 0.014680
v 0.028229 0.033800 0.017327
v 0.026030 0.033800 0.019731
v 0.023562 0.033800 0.021858
v 0.020860 0.033800 0.023679
v 0.017961 0.033800 0.025166
v 0.014907 0.033800 0.026301
v 0.011739 0.033800 0.027066
v 0.008504 0.033800 0.027452
v 0.005246 0.033800 0.027452
v 0.002011 0.033800 0.027066
v -0.001157 0.033800 0.026301
v -0.004211 0.033800 0.025167
v -0.007110 0.033800 0.023679
v -0.009812 0.033800 0.021858
v -0.012280 0.033800 0.019731
v -0.014479 0.033800 0.017327
v -0.016379 0.033800 0.014680
v -0.017952 0.033800 0.011827
v -0.019176 0.033800 0.008807
v -0.020035 0.033800 0.005664
v -0.020516 0.033800 0.002442
v -0.020613 0.033800 -0.000815
v -0.020324 0.033800 -0.004060
v -0.019652 0.033800 -0.007249
v -0.018609 0.033800 -0.010335
v -0.017208 0.033800 -0.013277
v -0.015468 0.033800 -0.016032
v -0.013415 0.033800 -0.018562
v -0.011078 0.033800 -0.020832
v -0.008488 0.033800 -0.022809
v -0.005682 0.033800 -0.024466
v -0.002701 0.033800 -0.025779
v 0.000416 0.033800 -0.026731
v 0.003622 0.033800 -0.027307
v -0.030125 0.033800 0.020000
v -0.030125 0.030800 0.020000
v -0.030125 0.030800 0.035000
v -0.030125 0.033800 0.035000
v 0.006875 0.030800 -0.027500
v 0.010128 0.030800 -0.027307
v 0.013334 0.030800 -0.026731
v 0.016451 0.030800 -0.025779
v 0.019432 0.030800 -0.024466
v 0.022238 0.030800 -0.022809
v 0.024828 0.030800 -0.020832
v 0.027165 0.030800 -0.018562
v 0.029218 0.030800 -0.016032
v 0.030958 0.030800 -0.013277
v 0.032359 0.030800 -0.010335
v 0.033402 0.030800 -0.007249
v 0.034074 0.030800 -0.004060
v 0.034363 0.030800 -0.000815
v 0.034266 0.030800 0.002442
v 0.033785 0.030800 0.005664
v 0.032926 0.030800 0.008807
v 0.031702 0.030800 0.011827
v 0.030129 0.030800 0.014680
v 0.028229 0.030800 0.017327
v 0.026030 0.030800 0.019731
v 0.023562 0.030800 0.021858
v 0.020860 0.030800 0.023679
v 0.017961 0.030800 0.025166
v 0.014907 0.030800 0.026301
v 0.011739 0.030800 0.027066
v 0.008504 0.030800 0.027452
v 0.005246 0.030800 0.027452
v 0.002011 0.030800 0.027066
v -0.001157 0.030800 0.026301
v -0.004211 0.030800 0.025167
v -0.007110 0.030800 0.023679
v -0.009812 0.030800 0.021858
v -0.012280 0.030800 0.019731
v -0.014479 0.030800 0.017327
v -0.016379 0.030800 0.014680
v -0.017952 0.030800 0.011827
v -0.019176 0.030800 0.008807
v -0.020035 0.030800 0.005664
v -0.020516 0.030800 0.002442
v -0.020613 0.030800 -0.000815
v -0.020324 0.030800 -0.004060
v -0.019652 0.030800 -0.007249
v -0.018609 0.030800 -0.010335
v -0.017208 0.030800 -0.013277
v -0.015468 0.030800 -0.016032
v -0.013415 0.030800 -0.018562
v -0.011078 0.030800 -0.020832
v -0.008488 0.030800 -0.022809
v -0.005682 0.030800 -0.024466
v -0.002701 0.030800 -0.025779
v 0.000416 0.030800 -0.026731
v 0.003622 0.030800 -0.027307
v 0.006875 0.033800 -0.027500
v 0.003622 0.033800 -0.027307
v 0.000416 0.033800 -0.026731
v -0.002701 0.033800 -0.025779
v -0.005682 0.033800 -0.024466
v -0.008488 0.033800 -0.022809
v -0.011078 0.033800 -0.020832
v -0.013415 0.033800 -0.018562
v -0.015468 0.033800 -0.016032
v -0.017208 0.033800 -0.013277
v -0.018609 0.033800 -0.010335
v -0.019652 0.033800 -0.007249
v -0.020324 0.033800 -0.004060
v -0.020613 0.033800 -0.000815
v -0.020516 0.033800 0.002442
v -0.020035 0.033800 0.005664
v -0.019176 0.033800 0.008807
v -0.017952 0.033800 0.011827
v -0.016379 0.033800 0.014680
v -0.014479 0.033800 0.017327
v -0.012280 0.033800 0.019731
v -0.009812 0.033800 0.021858
v -0.007110 0.033800 0.023679
v -0.004211 0.033800 0.025167
v -0.001157 0.033800 0.026301
v 0.002011 0.033800 0.027066
v 0.005246 0.033800 0.027452
v 0.008504 0.033800 0.027452
v 0.011739 0.033800 0.027066
v 0.014907 0.033800 0.026301
v 0.017961 0.033800 0.025166
v 0.020860 0.033800 0.023679
v 0.023562 0.033800 0.021858
v 0.026030 0.033800 0.019731
v 0.028229 0.033800 0.017327
v 0.030129 0.033800 0.014680
v 0.031702 0.033800 0.011827
v 0.032926 0.033800 0.008807
v 0.033785 0.033800 0.005664
v 0.034266 0.033800 0.002442
v 0.034363 0.033800 -0.000815
v 0.034074 0.033800 -0.004060
v 0.033402 0.033800 -0.007249
v 0.032359 0.033800 -0.010335
v 0.030958 0.033800 -0.013277
v 0.029218 0.033800 -0.016032
v 0.027165 0.033800 -0.018562
v 0.024828 0.033800 -0.020832
v 0.022238 0.033800 -0.022809
v 0.019432 0.033800 -0.024466
v 0.016451 0.033800 -0.025779
v 0.013334 0.033800 -0.026731
v 0.010128 0.033800 -0.027307
v 0.006875 0.030800 -0.027500
v 0.006875 0.033800 -0.027500
v -0.030125 0.030800 0.035000
v 0.006875 0.030800 0.035000
v 0.006875 0.033800 0.035000
v -0.030125 0.033800 0.035000
v -0.030125 0.030800 -0.020000
v -0.030125 0.033800 -0.020000
v -0.030125 0.033800 -0.035000
v -0.030125 0.030800 -0.035000
v 0.006875 0.030800 -0.035000
v -0.030125 0.030800 -0.035000
v -0.030125 0.033800 -0.035000
v 0.006875 0.033800 -0.035000
v 0.006875 0.030800 0.035000
v 0.010534 0.030800 0.034808
v 0.014152 0.030800 0.034235
v 0.017691 0.030800 0.033287
v 0.021111 0.030800 0.031974
v 0.024375 0.030800 0.030311
v 0.027447 0.030800 0.028316
v 0.030295 0.030800 0.026010
v 0.032885 0.030800 0.023420
v 0.035191 0.030800 0.020572
v 0.037186 0.030800 0.017500
v 0.038849 0.030800 0.014236
v 0.040162 0.030800 0.010816
v 0.041110 0.030800 0.007277
v 0.041683 0.030800 0.003658
v 0.041875 0.030800 -0.000000
v 0.041683 0.030800 -0.003659
v 0.041110 0.030800 -0.007277
v 0.040162 0.030800 -0.010816
v 0.038849 0.030800 -0.014236
v 0.037186 0.030800 -0.017500
v 0.035191 0.030800 -0.020572
v 0.032885 0.030800 -0.023420
v 0.030295 0.030800 -0.026010
v 0.027447 0.030800 -0.028316
v 0.024375 0.030800 -0.030311
v 0.021111 0.030800 -0.031974
v 0.017691 0.030800 -0.033287
v 0.014152 0.030800 -0.034235
v 0.010533 0.030800 -0.034808
v 0.006875 0.030800 -0.035000
v 0.006875 0.033800 -0.035000
v 0.010533 0.033800 -0.034808
v 0.014152 0.033800 -0.034235
v 0.017691 0.033800 -0.033287
v 0.021111 0.033800 -0.031974
v 0.024375 0.033800 -0.030311
v 0.027447 0.033800 -0.028316
v 0.030295 0.033800 -0.026010
v 0.032885 0.033800 -0.023420
v 0.035191 0.033800 -0.020572
v 0.037186 0.033800 -0.017500
v 0.038849 0.033800 -0.014236
v 0.040162 0.033800 -0.010816
v 0.041110 0.033800 -0.007277
v 0.041683 0.033800 -0.003659
v 0.041875 0.033800 -0.000000
v 0.041683 0.033800 0.003658
v 0.041110 0.033800 0.007277
v 0.040162 0.033800 0.010816
v 0.038849 0.033800 0.014236
v 0.037186 0.033800 0.017500
v 0.035191 0.033800 0.020572
v 0.032885 0.033800 0.023420
v 0.030295 0.033800 0.026010
v 0.027447 0.033800 0.028316
v 0.024375 0.033800 0.030311
v 0.021111 0.033800 0.031974
v 0.017691 0.033800 0.033287
v 0.014152 0.033800 0.034235
v 0.010534 0.033800 0.034808
v 0.006875 0.033800 0.035000
v -0.027125 0.030800 -0.020000
v -0.030125 0.030800 -0.020000
v -0.030125 0.030800 -0.035000
v 0.006875 0.030800 -0.035000
v 0.010533 0.030800 -0.034808
v 0.014152 0.030800 -0.034235
v 0.017691 0.030800 -0.033287
v 0.021111 0.030800 -0.031974
v 0.024375 0.030800 -0.030311
v 0.027447 0.030800 -0.028316
v 0.030295 0.030800 -0.026010
v 0.032885 0.030800 -0.023420
v 0.035191 0.030800 -0.020572
v 0.037186 0.030800 -0.017500
v 0.038849 0.030800 -0.014236
v 0.040162 0.030800 -0.010816
v 0.041110 0.030800 -0.007277
v 0.041683 0.030800 -0.003659
v 0.041875 0.030800 -0.000000
v 0.041683 0.030800 0.003658
v 0.041110 0.030800 0.007277
v 0.040162 0.030800 0.010816
v 0.038849 0.030800 0.014236
v 0.037186 0.030800 0.017500
v 0.035191 0.030800 0.020572
v 0.032885 0.030800 0.023420
v 0.030295 0.030800 0.026010
v 0.027447 0.030800 0.028316
v 0.024375 0.030800 0.030311
v 0.021111 0.030800 0.031974
v 0.017691 0.030800 0.033287
v 0.014152 0.030800 0.034235
v 0.010534 0.030800 0.034808
v 0.006875 0.030800 0.035000
v -0.030125 0.030800 0.035000
v -0.030125 0.030800 0.020000
v -0.027125 0.030800 0.020000
v 0.006875 0.030800 -0.027500
v 0.003622 0.030800 -0.027307
v 0.000416 0.030800 -0.026731
v -0.002701 0.030800 -0.025779
v -0.005682 0.030800 -0.024466
v -0.008488 0.030800 -0.022809
v -0.011078 0.030800 -0.020832
v -0.013415 0.030800 -0.018562
v -0.015468 0.030800 -0.016032
v -0.017208 0.030800 -0.013277
v -0.018609 0.030800 -0.010335
v -0.019652 0.030800 -0.007249
v -0.020324 0.030800 -0.004060
v -0.020613 0.030800 -0.000815
v -0.020516 0.030800 0.002442
v -0.020035 0.030800 0.005664
v -0.019176 0.030800 0.008807
v -0.017952 0.030800 0.011827
v -0.016379 0.030800 0.014680
v -0.014479 0.030800 0.017327
v -0.012280 0.030800 0.019731
v -0.009812 0.030800 0.021858
v -0.007110 0.030800 0.023679
v -0.004211 0.030800 0.025167
v -0.001157 0.030800 0.026301
v 0.002011 0.030800 0.027066
v 0.005246 0.030800 0.027452
v 0.008504 0.030800 0.027452
v 0.011739 0.030800 0.027066
v 0.014907 0.030800 0.026301
v 0.017961 0.030800 0.025166
v 0.020860 0.030800 0.023679
v 0.023562 0.030800 0.021858
v 0.026030 0.030800 0.019731
v 0.028229 0.030800 0.017327
v 0.030129 0.030800 0.014680
v 0.031702 0.030800 0.011827
v 0.032926 0.030800 0.008807
v 0.033785 0.030800 0.005664
v 0.034266 0.030800 0.002442
v 0.034363 0.030800 -0.000815
v 0.034074 0.030800 -0.004060
v 0.033402 0.030800 -0.007249
v 0.032359 0.030800 -0.010335
v 0.030958 0.030800 -0.013277
v 0.029218 0.030800 -0.016032
v 0.027165 0.030800 -0.018562
v 0.024828 0.030800 -0.020832
v 0.022238 0.030800 -0.022809
v 0.019432 0.030800 -0.024466
v 0.016451 0.030800 -0.025779
v 0.013334 0.030800 -0.026731
v 0.010128 0.030800 -0.027307
v -0.027125 -0.033800 -0.020000
v -0.027125 -0.033800 0.020000
v -0.027125 -0.030800 0.020000
v -0.027125 -0.030800 -0.020000
v -0.030125 -0.033800 -0.020000
v -0.027125 -0.033800 -0.020000
v -0.027125 -0.030800 -0.020000
v -0.030125 -0.030800 -0.020000
v -0.027125 -0.033800 0.020000
v -0.030125 -0.033800 0.020000
v -0.030125 -0.030800 0.020000
v -0.027125 -0.030800 0.020000
v -0.030125 -0.030800 -0.020000
v -0.027125 -0.030800 -0.020000
v -0.027125 -0.030800 0.020000
v -0.030125 -0.030800 0.020000
v -0.030125 -0.030800 0.035000
v 0.006875 -0.030800 0.035000
v 0.010534 -0.030800 0.034808
v 0.014152 -0.030800 0.034235
v 0.017691 -0.030800 0.033287
v 0.021111 -0.030800 0.031974
v 0.024375 -0.030800 0.030311
v 0.027447 -0.030800 0.028316
v 0.030295 -0.030800 0.026010
v 0.032885 -0.030800 0.023420
v 0.035191 -0.030800 0.020572
v 0.037186 -0.030800 0.017500
v 0.038849 -0.030800 0.014236
v 0.040162 -0.030800 0.010816
v 0.041110 -0.030800 0.007277
v 0.041683 -0.030800 0.003658
v 0.041875 -0.030800 -0.000000
v 0.041683 -0.030800 -0.003659
v 0.041110 -0.030800 -0.007277
v 0.040162 -0.030800 -0.010816
v 0.038849 -0.030800 -0.014236
v 0.037186 -0.030800 -0.017500
v 0.035191 -0.030800 -0.020572
v 0.032885 -0.030800 -0.023420
v 0.030295 -0.030800 -0.026010
v 0.027447 -0.030800 -0.028316
v 0.024375 -0.030800 -0.030311
v 0.021111 -0.030800 -0.031974
v 0.017691 -0.030800 -0.033287
v 0.014152 -0.030800 -0.034235
v 0.010533 -0.030800 -0.034808
v 0.006875 -0.030800 -0.035000
v -0.030125 -0.030800 -0.035000
v 0.006875 -0.030800 -0.027500
v 0.010128 -0.030800 -0.027307
v 0.013334 -0.030800 -0.026731
v 0.016451 -0.030800 -0.025779
v 0.019432 -0.030800 -0.024466
v 0.022238 -0.030800 -0.022809
v 0.024828 -0.030800 -0.020832
v 0.027165 -0.030800 -0.018562
v 0.029218 -0.030800 -0.016032
v 0.030958 -0.030800 -0.013277
v 0.032359 -0.030800 -0.010335
v 0.033402 -0.030800 -0.007249
v 0.034074 -0.030800 -0.004060
v 0.034363 -0.030800 -0.000815
v 0.034266 -0.030800 0.002442
v 0.033785 -0.030800 0.005664
v 0.032926 -0.030800 0.008807
v 0.031702 -0.030800 0.011827
v 0.030129 -0.030800 0.014680
v 0.028229 -0.030800 0.017327
v 0.026030 -0.030800 0.019731
v 0.023562 -0.030800 0.021858
v 0.020860 -0.030800 0.023679
v 0.017961 -0.030800 0.025166
v 0.014907 -0.030800 0.026301
v 0.011739 -0.030800 0.027066
v 0.008504 -0.030800 0.027452
v 0.005246 -0.030800 0.027452
v 0.002011 -0.030800 0.027066
v -0.001157 -0.030800 0.026301
v -0.004211 -0.030800 0.025166
v -0.007110 -0.030800 0.023679
v -0.009812 -0.030800 0.021858
v -0.012280 -0.030800 0.019731
v -0.014479 -0.030800 0.017327
v -0.016379 -0.030800 0.014680
v -0.017952 -0.030800 0.011827
v -0.019176 -0.030800 0.008807
v -0.020035 -0.030800 0.005664
v -0.020516 -0.030800 0.002442
v -0.020613 -0.030800 -0.000815
v -0.020324 -0.030800 -0.004060
v -0.019652 -0.030800 -0.007249
v -0.018609 -0.030800 -0.010335
v -0.017208 -0.030800 -0.013277
v -0.015468 -0.030800 -0.016032
v -0.013415 -0.030800 -0.018562
v -0.011078 -0.030800 -0.020832
v -0.008488 -0.030800 -0.022809
v -0.005682 -0.030800 -0.024466
v -0.002701 -0.030800 -0.025779
v 0.000416 -0.030800 -0.026731
v 0.003622 -0.030800 -0.027307
v -0.030125 -0.030800 0.020000
v -0.030125 -0.033800 0.020000
v -0.030125 -0.033800 0.035000
v -0.030125 -0.030800 0.035000
v 0.006875 -0.033800 -0.027500
v 0.010128 -0.033800 -0.027307
v 0.013334 -0.033800 -0.026731
v 0.016451 -0.033800 -0.025779
v 0.019432 -0.033800 -0.024466
v 0.022238 -0.033800 -0.022809
v 0.024828 -0.033800 -0.020832
v 0.027165 -0.033800 -0.018562
v 0.029218 -0.033800 -0.016032
v 0.030958 -0.033800 -0.013277
v 0.032359 -0.033800 -0.010335
v 0.033402 -0.033800 -0.007249
v 0.034074 -0.033800 -0.004060
v 0.034363 -0.033800 -0.000815
v 0.034266 -0.033800 0.002442
v 0.033785 -0.033800 0.005664
v 0.032926 -0.033800 0.008807
v 0.031702 -0.033800 0.011827
v 0.030129 -0.033800 0.014680
v 0.028229 -0.033800 0.017327
v 0.026030 -0.033800 0.019731
v 0.023562 -0.033800 0.021858
v 0.020860 -0.033800 0.023679
v 0.017961 -0.033800 0.025166
v 0.014907 -0.033800 0.026301
v 0.011739 -0.033800 0.027066
v 0.008504 -0.033800 0.027452
v 0.005246 -0.033800 0.027452
v 0.002011 -0.033800 0.027066
v -0.001157 -0.033800 0.026301
v -0.004211 -0.033800 0.025166
v -0.007110 -0.033800 0.023679
v -0.009812 -0.033800 0.021858
v -0.012280 -0.033800 0.019731
v -0.014479 -0.033800 0.017327
v -0.016379 -0.033800 0.014680
v -0.017952 -0.033800 0.011827
v -0.019176 -0.033800 0.008807
v -0.020035 -0.033800 0.005664
v -0.020516 -0.033800 0.002442
v -0.020613 -0.033800 -0.000815
v -0.020324 -0.033800 -0.004060
v -0.019652 -0.033800 -0.007249
v -0.018609 -0.033800 -0.010335
v -0.017208 -0.033800 -0.013277
v -0.015468 -0.033800 -0.016032
v -0.013415 -0.033800 -0.018562
v -0.011078 -0.033800 -0.020832
v -0.008488 -0.033800 -0.022809
v -0.005682 -0.033800 -0.024466
v -0.002701 -0.033800 -0.025779
v 0.000416 -0.033800 -0.026731
v 0.003622 -0.033800 -0.027307
v 0.006875 -0.030800 -0.027500
v 0.003622 -0.030800 -0.027307
v 0.000416 -0.030800 -0.026731
v -0.002701 -0.030800 -0.025779
v -0.005682 -0.030800 -0.024466
v -0.008488 -0.030800 -0.022809
v -0.011078 -0.030800 -0.020832
v -0.013415 -0.030800 -0.018562
v -0.015468 -0.030800 -0.016032
v -0.017208 -0.030800 -0.013277
v -0.018609 -0.030800 -0.010335
v -0.019652 -0.030800 -0.007249
v -0.020324 -0.030800 -0.004060
v -0.020613 -0.030800 -0.000815
v -0.020516 -0.030800 0.002442
v -0.020035 -0.030800 0.005664
v -0.019176 -0.030800 0.008807
v -0.017952 -0.030800 0.011827
v -0.016379 -0.030800 0.014680
v -0.014479 -0.030800 0.017327
v -0.012280 -0.030800 0.019731
v -0.009812 -0.030800 0.021858
v -0.007110 -0.030800 0.023679
v -0.004211 -0.030800 0.025166
v -0.001157 -0.030800 0.026301
v 0.002011 -0.030800 0.027066
v 0.005246 -0.030800 0.027452
v 0.008504 -0.030800 0.027452
v 0.011739 -0.030800 0.027066
v 0.014907 -0.030800 0.026301
v 0.017961 -0.030800 0.025166
v 0.020860 -0.030800 0.023679
v 0.023562 -0.030800 0.021858
v 0.026030 -0.030800 0.019731
v 0.028229 -0.030800 0.017327
v 0.030129 -0.030800 0.014680
v 0.031702 -0.030800 0.011827
v 0.032926 -0.030800 0.008807
v 0.033785 -0.030800 0.005664
v 0.034266 -0.030800 0.002442
v 0.034363 -0.030800 -0.000815
v 0.034074 -0.030800 -0.004060
v 0.033402 -0.030800 -0.007249
v 0.032359 -0.030800 -0.010335
v 0.030958 -0.030800 -0.013277
v 0.029218 -0.030800 -0.016032
v 0.027165 -0.030800 -0.018562
v 0.024828 -0.030800 -0.020832
v 0.022238 -0.030800 -0.022809
v 0.019432 -0.030800 -0.024466
v 0.016451 -0.030800 -0.025779
v 0.013334 -0.030800 -0.026731
v 0.010128 -0.030800 -0.027307
v 0.006875 -0.033800 -0.027500
v 0.006875 -0.030800 -0.027500
v -0.030125 -0.033800 0.035000
v 0.006875 -0.033800 0.035000
v 0.006875 -0.030800 0.035000
v -0.030125 -0.030800 0.035000
v -0.030125 -0.033800 -0.020000
v -0.030125 -0.030800 -0.020000
v -0.030125 -0.030800 -0.035000
v -0.030125 -0.033800 -0.035000
v 0.006875 -0.033800 -0.035000
v -0.030125 -0.033800 -0.035000
v -0.030125 -0.030800 -0.035000
v 0.006875 -0.030800 -0.035000
v 0.006875 -0.033800 0.035000
v 0.010534 -0.033800 0.034808
v 0.014152 -0.033800 0.034235
v 0.017691 -0.033800 0.033287
v 0.021111 -0.033800 0.031974
v 0.024375 -0.033800 0.030311
v 0.027447 -0.033800 0.028316
v 0.030295 -0.033800 0.026010
v 0.032885 -0.033800 0.023420
v 0.035191 -0.033800 0.020572
v 0.037186 -0.033800 0.017500
v 0.038849 -0.033800 0.014236
v 0.040162 -0.033800 0.010816
v 0.041110 -0.033800 0.007277
v 0.041683 -0.033800 0.003658
v 0.041875 -0.033800 -0.000000
v 0.041683 -0.033800 -0.003659
v 0.041110 -0.033800 -0.007277
v 0.040162 -0.033800 -0.010816
v 0.038849 -0.033800 -0.014236
v 0.037186 -0.033800 -0.017500
v 0.035191 -0.033800 -0.020572
v 0.032885 -0.033800 -0.023420
v 0.030295 -0.033800 -0.026010
v 0.027447 -0.033800 -0.028316
v 0.024375 -0.033800 -0.030311
v 0.021111 -0.033800 -0.031974
v 0.017691 -0.033800 -0.033287
v 0.014152 -0.033800 -0.034235
v 0.010533 -0.033800 -0.034808
v 0.006875 -0.033800 -0.035000
v 0.006875 -0.030800 -0.035000
v 0.010533 -0.030800 -0.034808
v 0.014152 -0.030800 -0.034235
v 0.017691 -0.030800 -0.033287
v 0.021111 -0.030800 -0.031974
v 0.024375 -0.030800 -0.030311
v 0.027447 -0.030800 -0.028316
v 0.030295 -0.030800 -0.026010
v 0.032885 -0.030800 -0.023420
v 0.035191 -0.030800 -0.020572
v 0.037186 -0.030800 -0.017500
v 0.038849 -0.030800 -0.014236
v 0.040162 -0.030800 -0.010816
v 0.041110 -0.030800 -0.007277
v 0.041683 -0.030800 -0.003659
v 0.041875 -0.030800 -0.000000
v 0.041683 -0.030800 0.003658
v 0.041110 -0.030800 0.007277
v 0.040162 -0.030800 0.010816
v 0.038849 -0.030800 0.014236
v 0.037186 -0.030800 0.017500
v 0.035191 -0.030800 0.020572
v 0.032885 -0.030800 0.023420
v 0.030295 -0.030800 0.026010
v 0.027447 -0.030800 0.028316
v 0.024375 -0.030800 0.030311
v 0.021111 -0.030800 0.031974
v 0.017691 -0.030800 0.033287
v 0.014152 -0.030800 0.034235
v 0.010534 -0.030800 0.034808
v 0.006875 -0.030800 0.035000
v -0.027125 -0.033800 -0.020000
v -0.030125 -0.033800 -0.020000
v -0.030125 -0.033800 -0.035000
v 0.006875 -0.033800 -0.035000
v 0.010533 -0.033800 -0.034808
v 0.014152 -0.033800 -0.034235
v 0.017691 -0.033800 -0.033287
v 0.021111 -0.033800 -0.031974
v 0.024375 -0.033800 -0.030311
v 0.027447 -0.033800 -0.028316
v 0.030295 -0.033800 -0.026010
v 0.032885 -0.033800 -0.023420
v 0.035191 -0.033800 -0.020572
v 0.037186 -0.033800 -0.017500
v 0.038849 -0.033800 -0.014236
v 0.040162 -0.033800 -0.010816
v 0.041110 -0.033800 -0.007277
v 0.041683 -0.033800 -0.003659
v 0.041875 -0.033800 -0.000000
v 0.041683 -0.033800 0.003658
v 0.041110 -0.033800 0.007277
v 0.040162 -0.033800 0.010816
v 0.038849 -0.033800 0.014236
v 0.037186 -0.033800 0.017500
v 0.035191 -0.033800 0.020572
v 0.032885 -0.033800 0.023420
v 0.030295 -0.033800 0.026010
v 0.027447 -0.033800 0.028316
v 0.024375 -0.033800 0.030311
v 0.021111 -0.033800 0.031974
v 0.017691 -0.033800 0.033287
v 0.014152 -0.033800 0.034235
v 0.010534 -0.033800 0.034808
v 0.006875 -0.033800 0.035000
v -0.030125 -0.033800 0.035000
v -0.030125 -0.033800 0.020000
v -0.027125 -0.033800 0.020000
v 0.006875 -0.033800 -0.027500
v 0.003622 -0.033800 -0.027307
v 0.000416 -0.033800 -0.026731
v -0.002701 -0.033800 -0.025779
v -0.005682 -0.033800 -0.024466
v -0.008488 -0.033800 -0.022809
v -0.011078 -0.033800 -0.020832
v -0.013415 -0.033800 -0.018562
v -0.015468 -0.033800 -0.016032
v -0.017208 -0.033800 -0.013277
v -0.018609 -0.033800 -0.010335
v -0.019652 -0.033800 -0.007249
v -0.020324 -0.033800 -0.004060
v -0.020613 -0.033800 -0.000815
v -0.020516 -0.033800 0.002442
v -0.020035 -0.033800 0.005664
v -0.019176 -0.033800 0.008807
v -0.017952 -0.033800 0.011827
v -0.016379 -0.033800 0.014680
v -0.014479 -0.033800 0.017327
v -0.012280 -0.033800 0.019731
v -0.009812 -0.033800 0.021858
v -0.007110 -0.033800 0.023679
v -0.004211 -0.033800 0.025166
v -0.001157 -0.033800 0.026301
v 0.002011 -0.033800 0.027066
v 0.005246 -0.033800 0.027452
v 0.008504 -0.033800 0.027452
v 0.011739 -0.033800 0.027066
v 0.014907 -0.033800 0.026301
v 0.017961 -0.033800 0.025166
v 0.020860 -0.033800 0.023679
v 0.023562 -0.033800 0.021858
v 0.026030 -0.033800 0.019731
v 0.028229 -0.033800 0.017327
v 0.030129 -0.033800 0.014680
v 0.031702 -0.033800 0.011827
v 0.032926 -0.033800 0.008807
v 0.033785 -0.033800 0.005664
v 0.034266 -0.033800 0.002442
v 0.034363 -0.033800 -0.000815
v 0.034074 -0.033800 -0.004060
v 0.033402 -0.033800 -0.007249
v 0.032359 -0.033800 -0.010335
v 0.030958 -0.033800 -0.013277
v 0.029218 -0.033800 -0.016032
v 0.027165 -0.033800 -0.018562
v 0.024828 -0.033800 -0.020832
v 0.022238 -0.033800 -0.022809
v 0.019432 -0.033800 -0.024466
v 0.016451 -0.033800 -0.025779
v 0.013334 -0.033800 -0.026731
v 0.010128 -0.033800 -0.027307
v -0.030125 -0.027500 0.000000
v -0.030125 -0.027314 0.003193
v -0.030125 -0.026759 0.006342
v -0.030125 -0.025842 0.009406
v -0.030125 -0.024575 0.012342
v -0.030125 -0.022976 0.015111
v -0.030125 -0.021066 0.017677
v -0.030125 -0.018872 0.020003
v -0.030125 -0.016422 0.022058
v -0.030125 -0.013750 0.023816
v -0.030125 -0.010892 0.025251
v -0.030125 -0.007887 0.026345
v -0.030125 -0.004775 0.027082
v -0.030125 -0.001599 0.027453
v -0.030125 0.001599 0.027453
v -0.030125 0.004775 0.027082
v -0.030125 0.007887 0.026345
v -0.030125 0.010892 0.025251
v -0.030125 0.013750 0.023816
v -0.030125 0.016422 0.022058
v -0.030125 0.018872 0.020003
v -0.030125 0.021066 0.017677
v -0.030125 0.022976 0.015111
v -0.030125 0.024575 0.012342
v -0.030125 0.025842 0.009406
v -0.030125 0.026759 0.006342
v -0.030125 0.027314 0.003193
v -0.030125 0.027500 -0.000000
v -0.030125 0.027314 -0.003193
v -0.030125 0.026759 -0.006342
v -0.030125 0.025842 -0.009406
v -0.030125 0.024575 -0.012342
v -0.030125 0.022976 -0.015111
v -0.030125 0.021066 -0.017677
v -0.030125 0.018872 -0.020003
v -0.030125 0.016422 -0.022058
v -0.030125 0.013750 -0.023816
v -0.030125 0.010892 -0.025251
v -0.030125 0.007887 -0.026345
v -0.030125 0.004775 -0.027082
v -0.030125 0.001599 -0.027453
v -0.030125 -0.001599 -0.027453
v -0.030125 -0.004775 -0.027082
v -0.030125 -0.007887 -0.026345
v -0.030125 -0.010892 -0.025251
v -0.030125 -0.013750 -0.023816
v -0.030125 -0.016422 -0.022058
v -0.030125 -0.018872 -0.020003
v -0.030125 -0.021066 -0.017677
v -0.030125 -0.022976 -0.015111
v -0.030125 -0.024575 -0.012342
v -0.030125 -0.025842 -0.009406
v -0.030125 -0.026759 -0.006342
v -0.030125 -0.027314 -0.003193
v -0.027125 -0.027500 0.000000
v -0.027125 -0.027314 -0.003193
v -0.027125 -0.026759 -0.006342
v -0.027125 -0.025842 -0.009406
v -0.027125 -0.024575 -0.012342
v -0.027125 -0.022976 -0.015111
v -0.027125 -0.021066 -0.017677
v -0.027125 -0.018872 -0.020003
v -0.027125 -0.016422 -0.022058
v -0.027125 -0.013750 -0.023816
v -0.027125 -0.010892 -0.025251
v -0.027125 -0.007887 -0.026345
v -0.027125 -0.004775 -0.027082
v -0.027125 -0.001599 -0.027453
v -0.027125 0.001599 -0.027453
v -0.027125 0.004775 -0.027082
v -0.027125 0.007887 -0.026345
v -0.027125 0.010892 -0.025251
v -0.027125 0.013750 -0.023816
v -0.027125 0.016422 -0.022058
v -0.027125 0.018872 -0.020003
v -0.027125 0.021066 -0.017677
v -0.027125 0.022976 -0.015111
v -0.027125 0.024575 -0.012342
v -0.027125 0.025842 -0.009406
v -0.027125 0.026759 -0.006342
v -0.027125 0.027314 -0.003193
v -0.027125 0.027500 -0.000000
v -0.027125 0.027314 0.003193
v -0.027125 0.026759 0.006342
v -0.027125 0.025842 0.009406
v -0.027125 0.024575 0.012342
v -0.027125 0.022976 0.015111
v -0.027125 0.021066 0.017677
v -0.027125 0.018872 0.020003
v -0.027125 0.016422 0.022058
v -0.027125 0.013750 0.023816
v -0.027125 0.010892 0.025251
v -0.027125 0.007887 0.026345
v -0.027125 0.004775 0.027082
v -0.027125 0.001599 0.027453
v -0.027125 -0.001599 0.027453
v -0.027125 -0.004775 0.027082
v -0.027125 -0.007887 0.026345
v -0.027125 -0.010892 0.025251
v -0.027125 -0.013750 0.023816
v -0.027125 -0.016422 0.022058
v -0.027125 -0.018872 0.020003
v -0.027125 -0.021066 0.017677
v -0.027125 -0.022976 0.015111
v -0.027125 -0.024575 0.012342
v -0.027125 -0.025842 0.009406
v -0.027125 -0.026759 0.006342
v -0.027125 -0.027314 0.003193
v -0.030125 -0.027500 0.000000
v -0.027125 -0.027500 0.000000
v -0.027125 0.033800 -0.020000
v -0.027125 0.030800 -0.020000
v -0.030125 0.030800 -0.020000
v -0.030125 0.033800 -0.020000
v -0.027125 0.033800 0.020000
v -0.027125 0.033800 -0.020000
v -0.030125 0.033800 -0.020000
v -0.030125 0.033800 0.020000
v -0.027125 0.030800 0.020000
v -0.027125 0.033800 0.020000
v -0.030125 0.033800 0.020000
v -0.030125 0.030800 0.020000
v -0.027125 0.030800 0.035000
v -0.027125 0.030800 0.020000
v -0.030125 0.030800 0.020000
v -0.030125 0.030800 0.035000
v -0.027125 -0.030800 0.035000
v -0.027125 0.030800 0.035000
v -0.030125 0.030800 0.035000
v -0.030125 -0.030800 0.035000
v -0.027125 -0.030800 0.020000
v -0.027125 -0.030800 0.035000
v -0.030125 -0.030800 0.035000
v -0.030125 -0.030800 0.020000
v -0.027125 -0.033800 0.020000
v -0.027125 -0.030800 0.020000
v -0.030125 -0.030800 0.020000
v -0.030125 -0.033800 0.020000
v -0.027125 -0.033800 -0.020000
v -0.027125 -0.033800 0.020000
v -0.030125 -0.033800 0.020000
v -0.030125 -0.033800 -0.020000
v -0.027125 -0.030800 -0.020000
v -0.027125 -0.033800 -0.020000
v -0.030125 -0.033800 -0.020000
v -0.030125 -0.030800 -0.020000
v -0.027125 -0.030800 -0.035000
v -0.027125 -0.030800 -0.020000
v -0.030125 -0.030800 -0.020000
v -0.030125 -0.030800 -0.035000
v -0.027125 0.030800 -0.035000
v -0.027125 -0.030800 -0.035000
v -0.030125 -0.030800 -0.035000
v -0.030125 0.030800 -0.035000
v -0.027125 0.030800 -0.020000
v -0.027125 0.030800 -0.035000
v -0.030125 0.030800 -0.035000
v -0.030125 0.030800 -0.020000
v -0.030125 -0.027500 0.000000
v -0.030125 -0.027314 -0.003193
v -0.030125 -0.026759 -0.006342
v -0.030125 -0.025842 -0.009406
v -0.030125 -0.024575 -0.012342
v -0.030125 -0.022976 -0.015111
v -0.030125 -0.021066 -0.017677
v -0.030125 -0.018872 -0.020003
v -0.030125 -0.016422 -0.022058
v -0.030125 -0.013750 -0.023816
v -0.030125 -0.010892 -0.025251
v -0.030125 -0.007887 -0.026345
v -0.030125 -0.004775 -0.027082
v -0.030125 -0.001599 -0.027453
v -0.030125 0.001599 -0.027453
v -0.030125 0.004775 -0.027082
v -0.030125 0.007887 -0.026345
v -0.030125 0.010892 -0.025251
v -0.030125 0.013750 -0.023816
v -0.030125 0.016422 -0.022058
v -0.030125 0.018872 -0.020003
v -0.030125 0.021066 -0.017677
v -0.030125 0.022976 -0.015111
v -0.030125 0.024575 -0.012342
v -0.030125 0.025842 -0.009406
v -0.030125 0.026759 -0.006342
v -0.030125 0.027314 -0.003193
v -0.030125 0.027500 -0.000000
v -0.030125 0.027314 0.003193
v -0.030125 0.026759 0.006342
v -0.030125 0.025842 0.009406
v -0.030125 0.024575 0.012342
v -0.030125 0.022976 0.015111
v -0.030125 0.021066 0.017677
v -0.030125 0.018872 0.020003
v -0.030125 0.016422 0.022058
v -0.030125 0.013750 0.023816
v -0.030125 0.010892 0.025251
v -0.030125 0.007887 0.026345
v -0.030125 0.004775 0.027082
v -0.030125 0.001599 0.027453
v -0.030125 -0.001599 0.027453
v -0.030125 -0.004775 0.027082
v -0.030125 -0.007887 0.026345
v -0.030125 -0.010892 0.025251
v -0.030125 -0.013750 0.023816
v -0.030125 -0.016422 0.022058
v -0.030125 -0.018872 0.020003
v -0.030125 -0.021066 0.017677
v -0.030125 -0.022976 0.015111
v -0.030125 -0.024575 0.012342
v -0.030125 -0.025842 0.009406
v -0.030125 -0.026759 0.006342
v -0.030125 -0.027314 0.003193
v -0.030125 0.030800 -0.020000
v -0.030125 0.030800 -0.035000
v -0.030125 -0.030800 -0.035000
v -0.030125 -0.030800 -0.020000
v -0.030125 -0.033800 -0.020000
v -0.030125 -0.033800 0.020000
v -0.030125 -0.030800 0.020000
v -0.030125 -0.030800 0.035000
v -0.030125 0.030800 0.035000
v -0.030125 0.030800 0.020000
v -0.030125 0.033800 0.020000
v -0.030125 0.033800 -0.020000
v -0.027125 -0.027500 0.000000
v -0.027125 -0.027314 0.003193
v -0.027125 -0.026759 0.006342
v -0.027125 -0.025842 0.009406
v -0.027125 -0.024575 0.012342
v -0.027125 -0.022976 0.015111
v -0.027125 -0.021066 0.017677
v -0.027125 -0.018872 0.020003
v -0.027125 -0.016422 0.022058
v -0.027125 -0.013750 0.023816
v -0.027125 -0.010892 0.025251
v -0.027125 -0.007887 0.026345
v -0.027125 -0.004775 0.027082
v -0.027125 -0.001599 0.027453
v -0.027125 0.001599 0.027453
v -0.027125 0.004775 0.027082
v -0.027125 0.007887 0.026345
v -0.027125 0.010892 0.025251
v -0.027125 0.013750 0.023816
v -0.027125 0.016422 0.022058
v -0.027125 0.018872 0.020003
v -0.027125 0.021066 0.017677
v -0.027125 0.022976 0.015111
v -0.027125 0.024575 0.012342
v -0.027125 0.025842 0.009406
v -0.027125 0.026759 0.006342
v -0.027125 0.027314 0.003193
v -0.027125 0.027500 -0.000000
v -0.027125 0.027314 -0.003193
v -0.027125 0.026759 -0.006342
v -0.027125 0.025842 -0.009406
v -0.027125 0.024575 -0.012342
v -0.027125 0.022976 -0.015111
v -0.027125 0.021066 -0.017677
v -0.027125 0.018872 -0.020003
v -0.027125 0.016422 -0.022058
v -0.027125 0.013750 -0.023816
v -0.027125 0.010892 -0.025251
v -0.027125 0.007887 -0.026345
v -0.027125 0.004775 -0.027082
v -0.027125 0.001599 -0.027453
v -0.027125 -0.001599 -0.027453
v -0.027125 -0.004775 -0.027082
v -0.027125 -0.007887 -0.026345
v -0.027125 -0.010892 -0.025251
v -0.027125 -0.013750 -0.023816
v -0.027125 -0.016422 -0.022058
v -0.027125 -0.018872 -0.020003
v -0.027125 -0.021066 -0.017677
v -0.027125 -0.022976 -0.015111
v -0.027125 -0.024575 -0.012342
v -0.027125 -0.025842 -0.009406
v -0.027125 -0.026759 -0.006342
v -0.027125 -0.027314 -0.003193
v -0.027125 0.030800 -0.035000
v -0.027125 0.030800 -0.020000
v -0.027125 0.033800 -0.020000
v -0.027125 0.033800 0.020000
v -0.027125 0.030800 0.020000
v -0.027125 0.030800 0.035000
v -0.027125 -0.030800 0.035000
v -0.027125 -0.030800 0.020000
v -0.027125 -0.033800 0.020000
v -0.027125 -0.033800 -0.020000
v -0.027125 -0.030800 -0.020000
v -0.027125 -0.030800 -0.035000
v -0.024625 0.011800 -0.020438
v -0.024625 0.012093 -0.020193
v -0.024625 0.012284 -0.019862
v -0.024625 0.012350 -0.019486
v -0.024625 0.012284 -0.019109
v -0.024625 0.012093 -0.018779
v -0.024625 0.011800 -0.018533
v -0.024625 0.011441 -0.018402
v -0.024625 0.011059 -0.018402
v -0.024625 0.010700 -0.018533
v -0.024625 0.010407 -0.018779
v -0.024625 0.010216 -0.019109
v -0.024625 0.010150 -0.019486
v -0.024625 0.010216 -0.019862
v -0.024625 0.010407 -0.020193
v -0.024625 0.010700 -0.020438
v -0.024625 0.011059 -0.020569
v -0.024625 0.011441 -0.020569
v -0.027125 0.010700 -0.018533
v -0.027125 0.011059 -0.018402
v -0.027125 0.011441 -0.018402
v -0.027125 0.011800 -0.018533
v -0.027125 0.012093 -0.018779
v -0.027125 0.012284 -0.019109
v -0.027125 0.012350 -0.019486
v -0.027125 0.012284 -0.019862
v -0.027125 0.012093 -0.020193
v -0.027125 0.011800 -0.020438
v -0.027125 0.011441 -0.020569
v -0.027125 0.011059 -0.020569
v -0.027125 0.010700 -0.020438
v -0.027125 0.010407 -0.020193
v -0.027125 0.010216 -0.019862
v -0.027125 0.010150 -0.019486
v -0.027125 0.010216 -0.019109
v -0.027125 0.010407 -0.018779
v -0.024625 0.011800 -0.020438
v -0.027125 0.011800 -0.020438
v -0.024625 0.011800 0.020438
v -0.024625 0.011441 0.020569
v -0.024625 0.011059 0.020569
v -0.024625 0.010700 0.020438
v -0.024625 0.010407 0.020193
v -0.024625 0.010216 0.019862
v -0.024625 0.010150 0.019486
v -0.024625 0.010216 0.019109
v -0.024625 0.010407 0.018779
v -0.024625 0.010700 0.018533
v -0.024625 0.011059 0.018402
v -0.024625 0.011441 0.018402
v -0.024625 0.011800 0.018533
v -0.024625 0.012093 0.018779
v -0.024625 0.012284 0.019109
v -0.024625 0.012350 0.019486
v -0.024625 0.012284 0.019862
v -0.024625 0.012093 0.020193
v -0.027125 0.010700 0.018533
v -0.027125 0.010407 0.018779
v -0.027125 0.010216 0.019109
v -0.027125 0.010150 0.019486
v -0.027125 0.010216 0.019862
v -0.027125 0.010407 0.020193
v -0.027125 0.010700 0.020438
v -0.027125 0.011059 0.020569
v -0.027125 0.011441 0.020569
v -0.027125 0.011800 0.020438
v -0.027125 0.012093 0.020193
v -0.027125 0.012284 0.019862
v -0.027125 0.012350 0.019486
v -0.027125 0.012284 0.019109
v -0.027125 0.012093 0.018779
v -0.027125 0.011800 0.018533
v -0.027125 0.011441 0.018402
v -0.027125 0.011059 0.018402
v -0.024625 0.011800 0.020438
v -0.027125 0.011800 0.020438
v -0.024625 0.009210 -0.023242
v -0.024625 0.009336 -0.023169
v -0.024625 0.009435 -0.023064
v -0.024625 0.009501 -0.022934
v -0.024625 0.009526 -0.022791
v -0.024625 0.009509 -0.022647
v -0.027125 0.009509 -0.022647
v -0.027125 0.009526 -0.022791
v -0.027125 0.009501 -0.022934
v -0.027125 0.009435 -0.023064
v -0.027125 0.009336 -0.023169
v -0.027125 0.009210 -0.023242
v -0.027125 0.009509 -0.022647
v -0.024625 0.009509 -0.022647
v -0.024625 0.008835 -0.020133
v -0.027125 0.008835 -0.020133
v -0.027125 0.015523 -0.019597
v -0.027125 0.015397 -0.019670
v -0.027125 0.015256 -0.019703
v -0.027125 0.015111 -0.019695
v -0.027125 0.014975 -0.019645
v -0.027125 0.014859 -0.019559
v -0.024625 0.014859 -0.019559
v -0.024625 0.014975 -0.019645
v -0.024625 0.015111 -0.019695
v -0.024625 0.015256 -0.019703
v -0.024625 0.015397 -0.019670
v -0.024625 0.015523 -0.019597
v -0.024625 0.014859 -0.019559
v -0.027125 0.014859 -0.019559
v -0.027125 0.013018 -0.017718
v -0.024625 0.013018 -0.017718
v -0.024625 0.015523 0.019597
v -0.024625 0.015397 0.019670
v -0.024625 0.015256 0.019703
v -0.024625 0.015111 0.019695
v -0.024625 0.014975 0.019645
v -0.024625 0.014859 0.019559
v -0.027125 0.014859 0.019559
v -0.027125 0.014975 0.019645
v -0.027125 0.015111 0.019695
v -0.027125 0.015256 0.019703
v -0.027125 0.015397 0.019670
v -0.027125 0.015523 0.019597
v -0.027125 0.014859 0.019559
v -0.024625 0.014859 0.019559
v -0.024625 0.013018 0.017718
v -0.027125 0.013018 0.017718
v -0.027125 0.009210 0.023242
v -0.027125 0.009336 0.023169
v -0.027125 0.009435 0.023064
v -0.027125 0.009501 0.022934
v -0.027125 0.009526 0.022791
v -0.027125 0.009509 0.022647
v -0.024625 0.009509 0.022647
v -0.024625 0.009526 0.022791
v -0.024625 0.009501 0.022934
v -0.024625 0.009435 0.023064
v -0.024625 0.009336 0.023169
v -0.024625 0.009210 0.023242
v -0.024625 0.009509 0.022647
v -0.027125 0.009509 0.022647
v -0.027125 0.008835 0.020133
v -0.024625 0.008835 0.020133
v -0.024625 0.008835 -0.020133
v -0.024625 0.008755 -0.019322
v -0.024625 0.008940 -0.018529
v -0.024625 0.009370 -0.017837
v -0.024625 0.010000 -0.017321
v -0.024625 0.010762 -0.017034
v -0.024625 0.011576 -0.017007
v -0.024625 0.012356 -0.017243
v -0.024625 0.013018 -0.017718
v -0.027125 0.013018 -0.017718
v -0.027125 0.012356 -0.017243
v -0.027125 0.011576 -0.017007
v -0.027125 0.010762 -0.017034
v -0.027125 0.010000 -0.017321
v -0.027125 0.009370 -0.017837
v -0.027125 0.008940 -0.018529
v -0.027125 0.008755 -0.019322
v -0.027125 0.008835 -0.020133
v -0.024625 0.013018 0.017718
v -0.024625 0.012356 0.017243
v -0.024625 0.011576 0.017007
v -0.024625 0.010762 0.017034
v -0.024625 0.010000 0.017321
v -0.024625 0.009370 0.017837
v -0.024625 0.008940 0.018529
v -0.024625 0.008755 0.019322
v -0.024625 0.008835 0.020133
v -0.027125 0.008835 0.020133
v -0.027125 0.008755 0.019322
v -0.027125 0.008940 0.018529
v -0.027125 0.009370 0.017837
v -0.027125 0.010000 0.017321
v -0.027125 0.010762 0.017034
v -0.027125 0.011576 0.017007
v -0.027125 0.012356 0.017243
v -0.027125 0.013018 0.017718
v -0.027125 0.009210 0.023242
v -0.024625 0.009210 0.023242
v -0.024625 0.006540 0.024129
v -0.024625 0.003787 0.024711
v -0.024625 0.000986 0.024981
v -0.024625 -0.001827 0.024933
v -0.024625 -0.004617 0.024570
v -0.024625 -0.007349 0.023895
v -0.024625 -0.009988 0.022918
v -0.024625 -0.012500 0.021651
v -0.024625 -0.014854 0.020109
v -0.024625 -0.017019 0.018312
v -0.024625 -0.018969 0.016284
v -0.024625 -0.020679 0.014049
v -0.024625 -0.022127 0.011636
v -0.024625 -0.023294 0.009076
v -0.024625 -0.024167 0.006401
v -0.024625 -0.024733 0.003644
v -0.027125 -0.024733 0.003644
v -0.027125 -0.024167 0.006401
v -0.027125 -0.023294 0.009076
v -0.027125 -0.022127 0.011636
v -0.027125 -0.020679 0.014049
v -0.027125 -0.018969 0.016284
v -0.027125 -0.017019 0.018312
v -0.027125 -0.014854 0.020109
v -0.027125 -0.012500 0.021651
v -0.027125 -0.009988 0.022918
v -0.027125 -0.007349 0.023895
v -0.027125 -0.004617 0.024570
v -0.027125 -0.001827 0.024933
v -0.027125 0.000986 0.024981
v -0.027125 0.003787 0.024711
v -0.027125 0.006540 0.024129
v -0.024625 0.009210 -0.023242
v -0.027125 0.009210 -0.023242
v -0.027125 0.006540 -0.024129
v -0.027125 0.003787 -0.024711
v -0.027125 0.000986 -0.024981
v -0.027125 -0.001827 -0.024933
v -0.027125 -0.004617 -0.024570
v -0.027125 -0.007349 -0.023895
v -0.027125 -0.009988 -0.022918
v -0.027125 -0.012500 -0.021651
v -0.027125 -0.014854 -0.020109
v -0.027125 -0.017019 -0.018312
v -0.027125 -0.018969 -0.016284
v -0.027125 -0.020679 -0.014049
v -0.027125 -0.022127 -0.011636
v -0.027125 -0.023294 -0.009076
v -0.027125 -0.024167 -0.006401
v -0.027125 -0.024733 -0.003644
v -0.024625 -0.024733 -0.003644
v -0.024625 -0.024167 -0.006401
v -0.024625 -0.023294 -0.009076
v -0.024625 -0.022127 -0.011636
v -0.024625 -0.020679 -0.014049
v -0.024625 -0.018969 -0.016284
v -0.024625 -0.017019 -0.018312
v -0.024625 -0.014854 -0.020109
v -0.024625 -0.012500 -0.021651
v -0.024625 -0.009988 -0.022918
v -0.024625 -0.007349 -0.023895
v -0.024625 -0.004617 -0.024570
v -0.024625 -0.001827 -0.024933
v -0.024625 0.000986 -0.024981
v -0.024625 0.003787 -0.024711
v -0.024625 0.006540 -0.024129
v -0.027125 0.015523 -0.019597
v -0.024625 0.015523 -0.019597
v -0.024625 0.017627 -0.017729
v -0.024625 0.019507 -0.015636
v -0.024625 0.021141 -0.013344
v -0.024625 0.022506 -0.010884
v -0.024625 0.023587 -0.008286
v -0.024625 0.024369 -0.005583
v -0.024625 0.024842 -0.002809
v -0.024625 0.025000 -0.000000
v -0.024625 0.024842 0.002809
v -0.024625 0.024369 0.005583
v -0.024625 0.023587 0.008286
v -0.024625 0.022506 0.010884
v -0.024625 0.021141 0.013344
v -0.024625 0.019507 0.015636
v -0.024625 0.017627 0.017729
v -0.024625 0.015523 0.019597
v -0.027125 0.015523 0.019597
v -0.027125 0.017627 0.017729
v -0.027125 0.019507 0.015636
v -0.027125 0.021141 0.013344
v -0.027125 0.022506 0.010884
v -0.027125 0.023587 0.008286
v -0.027125 0.024369 0.005583
v -0.027125 0.024842 0.002809
v -0.027125 0.025000 -0.000000
v -0.027125 0.024842 -0.002809
v -0.027125 0.024369 -0.005583
v -0.027125 0.023587 -0.008286
v -0.027125 0.022506 -0.010884
v -0.027125 0.021141 -0.013344
v -0.027125 0.019507 -0.015636
v -0.027125 0.017627 -0.017729
v -0.024625 -0.023600 0.000000
v -0.024625 -0.023534 -0.000376
v -0.024625 -0.023343 -0.000707
v -0.024625 -0.023050 -0.000953
v -0.024625 -0.022691 -0.001083
v -0.024625 -0.022309 -0.001083
v -0.024625 -0.021950 -0.000953
v -0.024625 -0.021657 -0.000707
v -0.024625 -0.021466 -0.000376
v -0.024625 -0.021400 0.000000
v -0.024625 -0.021466 0.000376
v -0.024625 -0.021657 0.000707
v -0.024625 -0.021950 0.000953
v -0.024625 -0.022309 0.001083
v -0.024625 -0.022691 0.001083
v -0.024625 -0.023050 0.000953
v -0.024625 -0.023343 0.000707
v -0.024625 -0.023534 0.000376
v -0.027125 -0.021400 0.000000
v -0.027125 -0.021466 -0.000376
v -0.027125 -0.021657 -0.000707
v -0.027125 -0.021950 -0.000953
v -0.027125 -0.022309 -0.001083
v -0.027125 -0.022691 -0.001083
v -0.027125 -0.023050 -0.000953
v -0.027125 -0.023343 -0.000707
v -0.027125 -0.023534 -0.000376
v -0.027125 -0.023600 0.000000
v -0.027125 -0.023534 0.000376
v -0.027125 -0.023343 0.000707
v -0.027125 -0.023050 0.000953
v -0.027125 -0.022691 0.001083
v -0.027125 -0.022309 0.001083
v -0.027125 -0.021950 0.000953
v -0.027125 -0.021657 0.000707
v -0.027125 -0.021466 0.000376
v -0.024625 -0.023600 0.000000
v -0.027125 -0.023600 0.000000
v -0.024625 -0.024733 0.003644
v -0.024625 -0.024733 0.003499
v -0.024625 -0.024692 0.003361
v -0.024625 -0.024612 0.003239
v -0.024625 -0.024501 0.003146
v -0.024625 -0.024368 0.003089
v -0.027125 -0.024368 0.003089
v -0.027125 -0.024501 0.003146
v -0.027125 -0.024612 0.003239
v -0.027125 -0.024692 0.003361
v -0.027125 -0.024733 0.003499
v -0.027125 -0.024733 0.003644
v -0.027125 -0.024368 0.003089
v -0.024625 -0.024368 0.003089
v -0.024625 -0.021853 0.002415
v -0.027125 -0.021853 0.002415
v -0.027125 -0.024733 -0.003644
v -0.027125 -0.024733 -0.003499
v -0.027125 -0.024692 -0.003361
v -0.027125 -0.024612 -0.003239
v -0.027125 -0.024501 -0.003146
v -0.027125 -0.024368 -0.003089
v -0.024625 -0.024368 -0.003089
v -0.024625 -0.024501 -0.003146
v -0.024625 -0.024612 -0.003239
v -0.024625 -0.024692 -0.003361
v -0.024625 -0.024733 -0.003499
v -0.024625 -0.024733 -0.003644
v -0.024625 -0.024368 -0.003089
v -0.027125 -0.024368 -0.003089
v -0.027125 -0.021853 -0.002415
v -0.024625 -0.021853 -0.002415
v -0.024625 -0.021853 0.002415
v -0.024625 -0.021111 0.002079
v -0.024625 -0.020517 0.001522
v -0.024625 -0.020133 0.000804
v -0.024625 -0.020000 0.000000
v -0.024625 -0.020133 -0.000804
v -0.024625 -0.020517 -0.001522
v -0.024625 -0.021111 -0.002079
v -0.024625 -0.021853 -0.002415
v -0.027125 -0.021853 -0.002415
v -0.027125 -0.021111 -0.002079
v -0.027125 -0.020517 -0.001522
v -0.027125 -0.020133 -0.000804
v -0.027125 -0.020000 0.000000
v -0.027125 -0.020133 0.000804
v -0.027125 -0.020517 0.001522
v -0.027125 -0.021111 0.002079
v -0.027125 -0.021853 0.002415
v -0.027125 -0.030000 0.000000
v -0.027125 -0.029836 -0.003136
v -0.027125 -0.029344 -0.006237
v -0.027125 -0.028532 -0.009271
v -0.027125 -0.027406 -0.012202
v -0.027125 -0.025981 -0.015000
v -0.027125 -0.024271 -0.017634
v -0.027125 -0.022294 -0.020074
v -0.027125 -0.020074 -0.022294
v -0.027125 -0.017634 -0.024271
v -0.027125 -0.015000 -0.025981
v -0.027125 -0.012202 -0.027406
v -0.027125 -0.009271 -0.028532
v -0.027125 -0.006237 -0.029344
v -0.027125 -0.003136 -0.029836
v -0.027125 -0.000000 -0.030000
v -0.027125 0.003136 -0.029836
v -0.027125 0.006237 -0.029344
v -0.027125 0.009271 -0.028532
v -0.027125 0.012202 -0.027406
v -0.027125 0.015000 -0.025981
v -0.027125 0.017634 -0.024271
v -0.027125 0.020074 -0.022294
v -0.027125 0.022294 -0.020074
v -0.027125 0.024271 -0.017634
v -0.027125 0.025981 -0.015000
v -0.027125 0.027406 -0.012202
v -0.027125 0.028532 -0.009271
v -0.027125 0.029344 -0.006237
v -0.027125 0.029836 -0.003136
v -0.027125 0.030000 -0.000000
v -0.027125 0.029836 0.003136
v -0.027125 0.029344 0.006237
v -0.027125 0.028532 0.009271
v -0.027125 0.027406 0.012202
v -0.027125 0.025981 0.015000
v -0.027125 0.024271 0.017634
v -0.027125 0.022294 0.020074
v -0.027125 0.020074 0.022294
v -0.027125 0.017634 0.024271
v -0.027125 0.015000 0.025981
v -0.027125 0.012202 0.027406
v -0.027125 0.009271 0.028532
v -0.027125 0.006237 0.029344
v -0.027125 0.003136 0.029836
v -0.027125 -0.000000 0.030000
v -0.027125 -0.003136 0.029836
v -0.027125 -0.006237 0.029344
v -0.027125 -0.009271 0.028532
v -0.027125 -0.012202 0.027406
v -0.027125 -0.015000 0.025981
v -0.027125 -0.017634 0.024271
v -0.027125 -0.020074 0.022294
v -0.027125 -0.022294 0.020074
v -0.027125 -0.024271 0.017634
v -0.027125 -0.025981 0.015000
v -0.027125 -0.027406 0.012202
v -0.027125 -0.028532 0.009271
v -0.027125 -0.029344 0.006237
v -0.027125 -0.029836 0.003136
v -0.024625 -0.030000 0.000000
v -0.024625 -0.029836 0.003136
v -0.024625 -0.029344 0.006237
v -0.024625 -0.028532 0.009271
v -0.024625 -0.027406 0.012202
v -0.024625 -0.025981 0.015000
v -0.024625 -0.024271 0.017634
v -0.024625 -0.022294 0.020074
v -0.024625 -0.020074 0.022294
v -0.024625 -0.017634 0.024271
v -0.024625 -0.015000 0.025981
v -0.024625 -0.012202 0.027406
v -0.024625 -0.009271 0.028532
v -0.024625 -0.006237 0.029344
v -0.024625 -0.003136 0.029836
v -0.024625 -0.000000 0.030000
v -0.024625 0.003136 0.029836
v -0.024625 0.006237 0.029344
v -0.024625 0.009271 0.028532
v -0.024625 0.012202 0.027406
v -0.024625 0.015000 0.025981
v -0.024625 0.017634 0.024271
v -0.024625 0.020074 0.022294
v -0.024625 0.022294 0.020074
v -0.024625 0.024271 0.017634
v -0.024625 0.025981 0.015000
v -0.024625 0.027406 0.012202
v -0.024625 0.028532 0.009271
v -0.024625 0.029344 0.006237
v -0.024625 0.029836 0.003136
v -0.024625 0.030000 -0.000000
v -0.024625 0.029836 -0.003136
v -0.024625 0.029344 -0.006237
v -0.024625 0.028532 -0.009271
v -0.024625 0.027406 -0.012202
v -0.024625 0.025981 -0.015000
v -0.024625 0.024271 -0.017634
v -0.024625 0.022294 -0.020074
v -0.024625 0.020074 -0.022294
v -0.024625 0.017634 -0.024271
v -0.024625 0.015000 -0.025981
v -0.024625 0.012202 -0.027406
v -0.024625 0.009271 -0.028532
v -0.024625 0.006237 -0.029344
v -0.024625 0.003136 -0.029836
v -0.024625 -0.000000 -0.030000
v -0.024625 -0.003136 -0.029836
v -0.024625 -0.006237 -0.029344
v -0.024625 -0.009271 -0.028532
v -0.024625 -0.012202 -0.027406
v -0.024625 -0.015000 -0.025981
v -0.024625 -0.017634 -0.024271
v -0.024625 -0.020074 -0.022294
v -0.024625 -0.022294 -0.020074
v -0.024625 -0.024271 -0.017634
v -0.024625 -0.025981 -0.015000
v -0.024625 -0.027406 -0.012202
v -0.024625 -0.028532 -0.009271
v -0.024625 -0.029344 -0.006237
v -0.024625 -0.029836 -0.003136
v -0.024625 -0.030000 0.000000
v -0.027125 -0.030000 0.000000
v -0.027125 0.010700 -0.018533
v -0.027125 0.010407 -0.018779
v -0.027125 0.010216 -0.019109
v -0.027125 0.010150 -0.019486
v -0.027125 0.010216 -0.019862
v -0.027125 0.010407 -0.020193
v -0.027125 0.010700 -0.020438
v -0.027125 0.011059 -0.020569
v -0.027125 0.011441 -0.020569
v -0.027125 0.011800 -0.020438
v -0.027125 0.012093 -0.020193
v -0.027125 0.012284 -0.019862
v -0.027125 0.012350 -0.019486
v -0.027125 0.012284 -0.019109
v -0.027125 0.012093 -0.018779
v -0.027125 0.011800 -0.018533
v -0.027125 0.011441 -0.018402
v -0.027125 0.011059 -0.018402
v -0.027125 0.010700 0.018533
v -0.027125 0.011059 0.018402
v -0.027125 0.011441 0.018402
v -0.027125 0.011800 0.018533
v -0.027125 0.012093 0.018779
v -0.027125 0.012284 0.019109
v -0.027125 0.012350 0.019486
v -0.027125 0.012284 0.019862
v -0.027125 0.012093 0.020193
v -0.027125 0.011800 0.020438
v -0.027125 0.011441 0.020569
v -0.027125 0.011059 0.020569
v -0.027125 0.010700 0.020438
v -0.027125 0.010407 0.020193
v -0.027125 0.010216 0.019862
v -0.027125 0.010150 0.019486
v -0.027125 0.010216 0.019109
v -0.027125 0.010407 0.018779
v -0.027125 -0.021400 0.000000
v -0.027125 -0.021466 0.000376
v -0.027125 -0.021657 0.000707
v -0.027125 -0.021950 0.000953
v -0.027125 -0.022309 0.001083
v -0.027125 -0.022691 0.001083
v -0.027125 -0.023050 0.000953
v -0.027125 -0.023343 0.000707
v -0.027125 -0.023534 0.000376
v -0.027125 -0.023600 0.000000
v -0.027125 -0.023534 -0.000376
v -0.027125 -0.023343 -0.000707
v -0.027125 -0.023050 -0.000953
v -0.027125 -0.022691 -0.001083
v -0.027125 -0.022309 -0.001083
v -0.027125 -0.021950 -0.000953
v -0.027125 -0.021657 -0.000707
v -0.027125 -0.021466 -0.000376
v -0.027125 -0.024733 -0.003644
v -0.027125 -0.024167 -0.006401
v -0.027125 -0.023294 -0.009076
v -0.027125 -0.022127 -0.011636
v -0.027125 -0.020679 -0.014049
v -0.027125 -0.018969 -0.016284
v -0.027125 -0.017019 -0.018312
v -0.027125 -0.014854 -0.020109
v -0.027125 -0.012500 -0.021651
v -0.027125 -0.009988 -0.022918
v -0.027125 -0.007349 -0.023895
v -0.027125 -0.004617 -0.024570
v -0.027125 -0.001827 -0.024933
v -0.027125 0.000986 -0.024981
v -0.027125 0.003787 -0.024711
v -0.027125 0.006540 -0.024129
v -0.027125 0.009210 -0.023242
v -0.027125 0.009336 -0.023169
v -0.027125 0.009435 -0.023064
v -0.027125 0.009501 -0.022934
v -0.027125 0.009526 -0.022791
v -0.027125 0.009509 -0.022647
v -0.027125 0.008835 -0.020133
v -0.027125 0.008755 -0.019322
v -0.027125 0.008940 -0.018529
v -0.027125 0.009370 -0.017837
v -0.027125 0.010000 -0.017321
v -0.027125 0.010762 -0.017034
v -0.027125 0.011576 -0.017007
v -0.027125 0.012356 -0.017243
v -0.027125 0.013018 -0.017718
v -0.027125 0.014859 -0.019559
v -0.027125 0.014975 -0.019645
v -0.027125 0.015111 -0.019695
v -0.027125 0.015256 -0.019703
v -0.027125 0.015397 -0.019670
v -0.027125 0.015523 -0.019597
v -0.027125 0.017627 -0.017729
v -0.027125 0.019507 -0.015636
v -0.027125 0.021141 -0.013344
v -0.027125 0.022506 -0.010884
v -0.027125 0.023587 -0.008286
v -0.027125 0.024369 -0.005583
v -0.027125 0.024842 -0.002809
v -0.027125 0.025000 -0.000000
v -0.027125 0.024842 0.002809
v -0.027125 0.024369 0.005583
v -0.027125 0.023587 0.008286
v -0.027125 0.022506 0.010884
v -0.027125 0.021141 0.013344
v -0.027125 0.019507 0.015636
v -0.027125 0.017627 0.017729
v -0.027125 0.015523 0.019597
v -0.027125 0.015397 0.019670
v -0.027125 0.015256 0.019703
v -0.027125 0.015111 0.019695
v -0.027125 0.014975 0.019645
v -0.027125 0.014859 0.019559
v -0.027125 0.013018 0.017718
v -0.027125 0.012356 0.017243
v -0.027125 0.011576 0.017007
v -0.027125 0.010762 0.017034
v -0.027125 0.010000 0.017321
v -0.027125 0.009370 0.017837
v -0.027125 0.008940 0.018529
v -0.027125 0.008755 0.019322
v -0.027125 0.008835 0.020133
v -0.027125 0.009509 0.022647
v -0.027125 0.009526 0.022791
v -0.027125 0.009501 0.022934
v -0.027125 0.009435 0.023064
v -0.027125 0.009336 0.023169
v -0.027125 0.009210 0.023242
v -0.027125 0.006540 0.024129
v -0.027125 0.003787 0.024711
v -0.027125 0.000986 0.024981
v -0.027125 -0.001827 0.024933
v -0.027125 -0.004617 0.024570
v -0.027125 -0.007349 0.023895
v -0.027125 -0.009988 0.022918
v -0.027125 -0.012500 0.021651
v -0.027125 -0.014854 0.020109
v -0.027125 -0.017019 0.018312
v -0.027125 -0.018969 0.016284
v -0.027125 -0.020679 0.014049
v -0.027125 -0.022127 0.011636
v -0.027125 -0.023294 0.009076
v -0.027125 -0.024167 0.006401
v -0.027125 -0.024733 0.003644
v -0.027125 -0.024733 0.003499
v -0.027125 -0.024692 0.003361
v -0.027125 -0.024612 0.003239
v -0.027125 -0.024501 0.003146
v -0.027125 -0.024368 0.003089
v -0.027125 -0.021853 0.002415
v -0.027125 -0.021111 0.002079
v -0.027125 -0.020517 0.001522
v -0.027125 -0.020133 0.000804
v -0.027125 -0.020000 0.000000
v -0.027125 -0.020133 -0.000804
v -0.027125 -0.020517 -0.001522
v -0.027125 -0.021111 -0.002079
v -0.027125 -0.021853 -0.002415
v -0.027125 -0.024368 -0.003089
v -0.027125 -0.024501 -0.003146
v -0.027125 -0.024612 -0.003239
v -0.027125 -0.024692 -0.003361
v -0.027125 -0.024733 -0.003499
v -0.027125 -0.030000 0.000000
v -0.027125 -0.029836 0.003136
v -0.027125 -0.029344 0.006237
v -0.027125 -0.028532 0.009271
v -0.027125 -0.027406 0.012202
v -0.027125 -0.025981 0.015000
v -0.027125 -0.024271 0.017634
v -0.027125 -0.022294 0.020074
v -0.027125 -0.020074 0.022294
v -0.027125 -0.017634 0.024271
v -0.027125 -0.015000 0.025981
v -0.027125 -0.012202 0.027406
v -0.027125 -0.009271 0.028532
v -0.027125 -0.006237 0.029344
v -0.027125 -0.003136 0.029836
v -0.027125 -0.000000 0.030000
v -0.027125 0.003136 0.029836
v -0.027125 0.006237 0.029344
v -0.027125 0.009271 0.028532
v -0.027125 0.012202 0.027406
v -0.027125 0.015000 0.025981
v -0.027125 0.017634 0.024271
v -0.027125 0.020074 0.022294
v -0.027125 0.022294 0.020074
v -0.027125 0.024271 0.017634
v -0.027125 0.025981 0.015000
v -0.027125 0.027406 0.012202
v -0.027125 0.028532 0.009271
v -0.027125 0.029344 0.006237
v -0.027125 0.029836 0.003136
v -0.027125 0.030000 -0.000000
v -0.027125 0.029836 -0.003136
v -0.027125 0.029344 -0.006237
v -0.027125 0.028532 -0.009271
v -0.027125 0.027406 -0.012202
v -0.027125 0.025981 -0.015000
v -0.027125 0.024271 -0.017634
v -0.027125 0.022294 -0.020074
v -0.027125 0.020074 -0.022294
v -0.027125 0.017634 -0.024271
v -0.027125 0.015000 -0.025981
v -0.027125 0.012202 -0.027406
v -0.027125 0.009271 -0.028532
v -0.027125 0.006237 -0.029344
v -0.027125 0.003136 -0.029836
v -0.027125 -0.000000 -0.030000
v -0.027125 -0.003136 -0.029836
v -0.027125 -0.006237 -0.029344
v -0.027125 -0.009271 -0.028532
v -0.027125 -0.012202 -0.027406
v -0.027125 -0.015000 -0.025981
v -0.027125 -0.017634 -0.024271
v -0.027125 -0.020074 -0.022294
v -0.027125 -0.022294 -0.020074
v -0.027125 -0.024271 -0.017634
v -0.027125 -0.025981 -0.015000
v -0.027125 -0.027406 -0.012202
v -0.027125 -0.028532 -0.009271
v -0.027125 -0.029344 -0.006237
v -0.027125 -0.029836 -0.003136
v -0.024625 0.011800 -0.020438
v -0.024625 0.011441 -0.020569
v -0.024625 0.011059 -0.020569
v -0.024625 0.010700 -0.020438
v -0.024625 0.010407 -0.020193
v -0.024625 0.010216 -0.019862
v -0.024625 0.010150 -0.019486
v -0.024625 0.010216 -0.019109
v -0.024625 0.010407 -0.018779
v -0.024625 0.010700 -0.018533
v -0.024625 0.011059 -0.018402
v -0.024625 0.011441 -0.018402
v -0.024625 0.011800 -0.018533
v -0.024625 0.012093 -0.018779
v -0.024625 0.012284 -0.019109
v -0.024625 0.012350 -0.019486
v -0.024625 0.012284 -0.019862
v -0.024625 0.012093 -0.020193
v -0.024625 0.011800 0.020438
v -0.024625 0.012093 0.020193
v -0.024625 0.012284 0.019862
v -0.024625 0.012350 0.019486
v -0.024625 0.012284 0.019109
v -0.024625 0.012093 0.018779
v -0.024625 0.011800 0.018533
v -0.024625 0.011441 0.018402
v -0.024625 0.011059 0.018402
v -0.024625 0.010700 0.018533
v -0.024625 0.010407 0.018779
v -0.024625 0.010216 0.019109
v -0.024625 0.010150 0.019486
v -0.024625 0.010216 0.019862
v -0.024625 0.010407 0.020193
v -0.024625 0.010700 0.020438
v -0.024625 0.011059 0.020569
v -0.024625 0.011441 0.020569
v -0.024625 -0.023600 0.000000
v -0.024625 -0.023534 0.000376
v -0.024625 -0.023343 0.000707
v -0.024625 -0.023050 0.000953
v -0.024625 -0.022691 0.001083
v -0.024625 -0.022309 0.001083
v -0.024625 -0.021950 0.000953
v -0.024625 -0.021657 0.000707
v -0.024625 -0.021466 0.000376
v -0.024625 -0.021400 0.000000
v -0.024625 -0.021466 -0.000376
v -0.024625 -0.021657 -0.000707
v -0.024625 -0.021950 -0.000953
v -0.024625 -0.022309 -0.001083
v -0.024625 -0.022691 -0.001083
v -0.024625 -0.023050 -0.000953
v -0.024625 -0.023343 -0.000707
v -0.024625 -0.023534 -0.000376
v -0.024625 -0.024733 -0.003644
v -0.024625 -0.024733 -0.003499
v -0.024625 -0.024692 -0.003361
v -0.024625 -0.024612 -0.003239
v -0.024625 -0.024501 -0.003146
v -0.024625 -0.024368 -0.003089
v -0.024625 -0.021853 -0.002415
v -0.024625 -0.021111 -0.002079
v -0.024625 -0.020517 -0.001522
v -0.024625 -0.020133 -0.000804
v -0.024625 -0.020000 0.000000
v -0.024625 -0.020133 0.000804
v -0.024625 -0.020517 0.001522
v -0.024625 -0.021111 0.002079
v -0.024625 -0.021853 0.002415
v -0.024625 -0.024368 0.003089
v -0.024625 -0.024501 0.003146
v -0.024625 -0.024612 0.003239
v -0.024625 -0.024692 0.003361
v -0.024625 -0.024733 0.003499
v -0.024625 -0.024733 0.003644
v -0.024625 -0.024167 0.006401
v -0.024625 -0.023294 0.009076
v -0.024625 -0.022127 0.011636
v -0.024625 -0.020679 0.014049
v -0.024625 -0.018969 0.016284
v -0.024625 -0.017019 0.018312
v -0.024625 -0.014854 0.020109
v -0.024625 -0.012500 0.021651
v -0.024625 -0.009988 0.022918
v -0.024625 -0.007349 0.023895
v -0.024625 -0.004617 0.024570
v -0.024625 -0.001827 0.024933
v -0.024625 0.000986 0.024981
v -0.024625 0.003787 0.024711
v -0.024625 0.006540 0.024129
v -0.024625 0.009210 0.023242
v -0.024625 0.009336 0.023169
v -0.024625 0.009435 0.023064
v -0.024625 0.009501 0.022934
v -0.024625 0.009526 0.022791
v -0.024625 0.009509 0.022647
v -0.024625 0.008835 0.020133
v -0.024625 0.008755 0.019322
v -0.024625 0.008940 0.018529
v -0.024625 0.009370 0.017837
v -0.024625 0.010000 0.017321
v -0.024625 0.010762 0.017034
v -0.024625 0.011576 0.017007
v -0.024625 0.012356 0.017243
v -0.024625 0.013018 0.017718
v -0.024625 0.014859 0.019559
v -0.024625 0.014975 0.019645
v -0.024625 0.015111 0.019695
v -0.024625 0.015256 0.019703
v -0.024625 0.015397 0.019670
v -0.024625 0.015523 0.019597
v -0.024625 0.017627 0.017729
v -0.024625 0.019507 0.015636
v -0.024625 0.021141 0.013344
v -0.024625 0.022506 0.010884
v -0.024625 0.023587 0.008286
v -0.024625 0.024369 0.005583
v -0.024625 0.024842 0.002809
v -0.024625 0.025000 -0.000000
v -0.024625 0.024842 -0.002809
v -0.024625 0.024369 -0.005583
v -0.024625 0.023587 -0.008286
v -0.024625 0.022506 -0.010884
v -0.024625 0.021141 -0.013344
v -0.024625 0.019507 -0.015636
v -0.024625 0.017627 -0.017729
v -0.024625 0.015523 -0.019597
v -0.024625 0.015397 -0.019670
v -0.024625 0.015256 -0.019703
v -0.024625 0.015111 -0.019695
v -0.024625 0.014975 -0.019645
v -0.024625 0.014859 -0.019559
v -0.024625 0.013018 -0.017718
v -0.024625 0.012356 -0.017243
v -0.024625 0.011576 -0.017007
v -0.024625 0.010762 -0.017034
v -0.024625 0.010000 -0.017321
v -0.024625 0.009370 -0.017837
v -0.024625 0.008940 -0.018529
v -0.024625 0.008755 -0.019322
v -0.024625 0.008835 -0.020133
v -0.024625 0.009509 -0.022647
v -0.024625 0.009526 -0.022791
v -0.024625 0.009501 -0.022934
v -0.024625 0.009435 -0.023064
v -0.024625 0.009336 -0.023169
v -0.024625 0.009210 -0.023242
v -0.024625 0.006540 -0.024129
v -0.024625 0.003787 -0.024711
v -0.024625 0.000986 -0.024981
v -0.024625 -0.001827 -0.024933
v -0.024625 -0.004617 -0.024570
v -0.024625 -0.007349 -0.023895
v -0.024625 -0.009988 -0.022918
v -0.024625 -0.012500 -0.021651
v -0.024625 -0.014854 -0.020109
v -0.024625 -0.017019 -0.018312
v -0.024625 -0.018969 -0.016284
v -0.024625 -0.020679 -0.014049
v -0.024625 -0.022127 -0.011636
v -0.024625 -0.023294 -0.009076
v -0.024625 -0.024167 -0.006401
v -0.024625 -0.030000 0.000000
v -0.024625 -0.029836 -0.003136
v -0.024625 -0.029344 -0.006237
v -0.024625 -0.028532 -0.009271
v -0.024625 -0.027406 -0.012202
v -0.024625 -0.025981 -0.015000
v -0.024625 -0.024271 -0.017634
v -0.024625 -0.022294 -0.020074
v -0.024625 -0.020074 -0.022294
v -0.024625 -0.017634 -0.024271
v -0.024625 -0.015000 -0.025981
v -0.024625 -0.012202 -0.027406
v -0.024625 -0.009271 -0.028532
v -0.024625 -0.006237 -0.029344
v -0.024625 -0.003136 -0.029836
v -0.024625 -0.000000 -0.030000
v -0.024625 0.003136 -0.029836
v -0.024625 0.006237 -0.029344
v -0.024625 0.009271 -0.028532
v -0.024625 0.012202 -0.027406
v -0.024625 0.015000 -0.025981
v -0.024625 0.017634 -0.024271
v -0.024625 0.020074 -0.022294
v -0.024625 0.022294 -0.020074
v -0.024625 0.024271 -0.017634
v -0.024625 0.025981 -0.015000
v -0.024625 0.027406 -0.012202
v -0.024625 0.028532 -0.009271
v -0.024625 0.029344 -0.006237
v -0.024625 0.029836 -0.003136
v -0.024625 0.030000 -0.000000
v -0.024625 0.029836 0.003136
v -0.024625 0.029344 0.006237
v -0.024625 0.028532 0.009271
v -0.024625 0.027406 0.012202
v -0.024625 0.025981 0.015000
v -0.024625 0.024271 0.017634
v -0.024625 0.022294 0.020074
v -0.024625 0.020074 0.022294
v -0.024625 0.017634 0.024271
v -0.024625 0.015000 0.025981
v -0.024625 0.012202 0.027406
v -0.024625 0.009271 0.028532
v -0.024625 0.006237 0.029344
v -0.024625 0.003136 0.029836
v -0.024625 -0.000000 0.030000
v -0.024625 -0.003136 0.029836
v -0.024625 -0.006237 0.029344
v -0.024625 -0.009271 0.028532
v -0.024625 -0.012202 0.027406
v -0.024625 -0.015000 0.025981
v -0.024625 -0.017634 0.024271
v -0.024625 -0.020074 0.022294
v -0.024625 -0.022294 0.020074
v -0.024625 -0.024271 0.017634
v -0.024625 -0.025981 0.015000
v -0.024625 -0.027406 0.012202
v -0.024625 -0.028532 0.009271
v -0.024625 -0.029344 0.006237
v -0.024625 -0.029836 0.003136
vn -0.0000 -0.3683 0.9297
vn -0.0001 -0.3684 0.9297
vn -0.0000 -0.3743 0.9273
vn -0.0003 -0.6196 0.7849
vn -0.0000 -0.6486 0.7612
vn -0.0001 -0.8188 0.5740
vn -0.0000 -0.8641 0.5033
vn -0.0000 -0.9491 0.3149
vn -0.0000 -0.9404 0.3400
vn -0.0000 -0.9879 0.1552
vn -0.0001 -0.9996 0.0292
vn -0.0000 -0.9989 -0.0477
vn -0.0000 -0.9659 -0.2588
vn -0.0000 0.7071 0.7071
vn -0.0008 0.7071 0.7071
vn -0.0000 0.5407 0.8412
vn -0.0002 0.4745 0.8803
vn -0.0000 0.3595 0.9331
vn -0.0000 0.2019 0.9794
vn -0.0000 0.1757 0.9844
vn -0.0000 -0.0038 1.0000
vn -0.0000 -0.0877 0.9962
vn -0.0000 -0.3349 0.9423
vn 0.0001 -0.3698 0.9291
vn -0.0000 -0.6158 0.7879
vn -0.0000 -0.6209 0.7839
vn -0.0000 -0.6208 0.7839
vn -1.0000 -0.0000 -0.0000
vn -0.9921 -0.0485 0.1155
vn -0.9511 -0.1413 0.2748
vn -0.9430 -0.1285 0.3070
vn -0.8567 -0.1983 0.4761
vn -0.8090 -0.2688 0.5228
vn -0.7439 -0.2556 0.6175
vn -0.5878 -0.3699 0.7195
vn -0.6130 -0.3002 0.7308
vn -0.3090 -0.4348 0.8458
vn -0.3194 -0.3548 0.8787
vn -0.0000 -0.4572 0.8894
vn -0.0057 -0.3685 0.9296
vn 0.0008 -0.3684 0.9297
vn -0.9510 -0.1674 0.2598
vn -0.8090 -0.3184 0.4941
vn -0.8567 -0.3131 0.4098
vn -0.7440 -0.4069 0.5300
vn -0.9921 -0.0758 0.0998
vn -0.9430 -0.2016 0.2648
vn -0.5878 -0.4382 0.6801
vn -0.6130 -0.4828 0.6254
vn -0.3195 -0.5836 0.7466
vn -0.3090 -0.5151 0.7995
vn -0.0068 -0.6204 0.7843
vn -0.0001 -0.5416 0.8406
vn -0.0007 -0.6204 0.7843
vn -0.0000 0.9930 -0.1183
vn -0.0000 0.9988 -0.0488
vn -0.0000 1.0000 -0.0000
vn -0.0000 0.9988 -0.0487
vn -0.0000 0.9988 0.0487
vn -0.0000 0.9930 0.1183
vn -0.0000 0.9893 0.1458
vn -0.0000 0.9720 0.2349
vn -0.0001 0.9667 0.2560
vn -0.0000 0.9893 -0.1458
vn -0.0000 0.9720 -0.2349
vn -0.0001 0.9667 -0.2560
vn -0.0000 0.9374 -0.3482
vn -0.0000 0.9318 -0.3630
vn -0.0000 0.8897 -0.4566
vn 0.0001 0.8851 -0.4654
vn 0.0006 0.8293 -0.5588
vn -0.0001 0.8271 -0.5621
vn 0.0002 0.7575 -0.6528
vn -0.0000 0.7589 -0.6513
vn -0.0000 0.6808 -0.7325
vn -0.0000 0.6750 -0.7378
vn -0.0001 0.5942 -0.8043
vn 0.0001 0.5830 -0.8125
vn -0.0000 0.5000 -0.8660
vn -0.0000 0.4828 -0.8757
vn -0.0000 0.3995 -0.9167
vn -0.0000 0.3758 -0.9267
vn -0.0000 0.2940 -0.9558
vn 0.0001 0.2636 -0.9646
vn -0.0000 0.1847 -0.9828
vn -0.0000 0.1476 -0.9890
vn -0.0000 0.0731 -0.9973
vn -0.0000 0.0296 -0.9996
vn 0.0001 -0.0395 -0.9992
vn -0.0000 -0.0888 -0.9960
vn -0.0000 -0.1515 -0.9885
vn -0.0000 -0.2060 -0.9786
vn -0.0000 -0.2616 -0.9652
vn -0.0000 -0.3203 -0.9473
vn -0.0000 -0.3684 -0.9297
vn -0.0000 -0.3683 -0.9297
vn -0.0000 -0.4301 -0.9028
vn -0.0000 -0.4572 -0.8894
vn -0.0000 -0.5338 -0.8456
vn -0.0000 -0.5416 -0.8407
vn -0.0000 -0.6209 -0.7839
vn -0.0000 -0.6301 -0.7765
vn -0.0000 -0.7051 -0.7091
vn -0.0000 -0.7175 -0.6965
vn -0.0000 -0.7803 -0.6254
vn -0.0000 -0.7949 -0.6068
vn -0.0000 -0.8456 -0.5338
vn -0.0000 -0.8610 -0.5085
vn -0.0000 -0.9003 -0.4354
vn -0.0000 -0.9151 -0.4031
vn -0.0000 -0.9435 -0.3314
vn -0.0000 -0.9564 -0.2921
vn -0.0000 -0.9747 -0.2233
vn -0.0000 -0.9842 -0.1769
vn -0.0000 -0.9937 -0.1124
vn -0.0000 -0.9982 -0.0592
vn -0.0000 -1.0000 -0.0000
vn -0.0000 -0.9982 0.0592
vn -0.0000 -0.9937 0.1124
vn -0.0000 -0.9842 0.1769
vn -0.0000 -0.9747 0.2233
vn -0.0000 -0.9564 0.2921
vn -0.0000 -0.9435 0.3314
vn -0.0000 -0.9151 0.4031
vn -0.0000 -0.9003 0.4354
vn -0.0000 -0.8610 0.5085
vn -0.0001 -0.8456 0.5338
vn 0.0001 -0.7949 0.6068
vn -0.0000 -0.7803 0.6254
vn -0.0000 -0.7175 0.6965
vn -0.0000 -0.7051 0.7091
vn -0.0000 -0.6301 0.7765
vn -0.0000 -0.5338 0.8456
vn -0.0000 -0.5416 0.8407
vn -0.0000 -0.4301 0.9028
vn -0.0000 -0.3203 0.9473
vn -0.0000 -0.3684 0.9297
vn -0.0000 -0.2616 0.9652
vn -0.0000 -0.2060 0.9786
vn -0.0000 -0.1515 0.9885
vn -0.0000 -0.0888 0.9960
vn 0.0001 -0.0395 0.9992
vn -0.0000 0.0296 0.9996
vn -0.0000 0.0731 0.9973
vn -0.0000 0.1476 0.9890
vn -0.0000 0.1847 0.9828
vn 0.0001 0.2636 0.9646
vn -0.0000 0.2940 0.9558
vn -0.0000 0.3758 0.9267
vn -0.0000 0.3995 0.9167
vn -0.0000 0.4828 0.8757
vn -0.0000 0.5000 0.8660
vn 0.0001 0.5830 0.8125
vn -0.0001 0.5942 0.8043
vn -0.0000 0.6750 0.7378
vn -0.0001 0.6808 0.7325
vn 0.0002 0.7575 0.6528
vn -0.0000 0.7589 0.6513
vn -0.0001 0.8271 0.5621
vn 0.0006 0.8293 0.5588
vn -0.0001 0.8851 0.4655
vn -0.0000 0.8897 0.4566
vn -0.0000 0.9318 0.3630
vn -0.0000 0.9374 0.3482
vn -0.0000 -0.9659 0.2588
vn -0.0008 -0.9659 0.2588
vn -0.0000 -0.9989 0.0477
vn -0.0001 -0.9996 -0.0292
vn -0.0000 -0.9879 -0.1552
vn -0.0000 -0.9491 -0.3149
vn -0.0000 -0.9404 -0.3400
vn -0.0000 -0.8641 -0.5033
vn -0.0001 -0.8188 -0.5740
vn -0.0000 -0.6486 -0.7612
vn -0.0003 -0.6196 -0.7849
vn -0.0000 -0.3743 -0.9273
vn -0.0000 -0.6208 -0.7839
vn -0.0001 -0.6209 -0.7839
vn -0.0000 -0.6158 -0.7879
vn 0.0001 -0.3698 -0.9291
vn -0.0000 -0.3349 -0.9423
vn -0.0000 -0.0877 -0.9962
vn -0.0000 -0.0038 -1.0000
vn -0.0000 0.2019 -0.9794
vn -0.0000 0.1757 -0.9844
vn -0.0000 0.3595 -0.9331
vn -0.0002 0.4745 -0.8803
vn -0.0000 0.5407 -0.8412
vn -0.0000 0.7071 -0.7071
vn -0.0001 -0.3684 -0.9297
vn -0.0064 -0.3685 -0.9296
vn -0.3090 -0.4348 -0.8458
vn -0.3195 -0.3548 -0.8787
vn -0.5878 -0.3699 -0.7195
vn -0.6130 -0.3002 -0.7308
vn -0.7439 -0.2556 -0.6175
vn -0.8090 -0.2688 -0.5228
vn -0.8567 -0.1983 -0.4761
vn -0.9510 -0.1413 -0.2748
vn -0.9430 -0.1285 -0.3070
vn -0.9921 -0.0485 -0.1155
vn -0.3090 -0.5151 -0.7995
vn -0.0000 -0.5416 -0.8406
vn -0.3195 -0.5836 -0.7466
vn -0.0072 -0.6211 -0.7837
vn -0.0011 -0.6213 -0.7836
vn -0.6130 -0.4828 -0.6254
vn -0.5878 -0.4382 -0.6801
vn -0.7440 -0.4070 -0.5300
vn -0.8090 -0.3183 -0.4941
vn -0.8568 -0.3131 -0.4098
vn -0.9511 -0.1674 -0.2598
vn -0.9430 -0.2016 -0.2648
vn -0.9921 -0.0758 -0.0998
vn -0.0000 0.2588 -0.9659
vn -0.0008 0.2589 -0.9659
vn -0.0000 0.4582 -0.8889
vn -0.0000 0.5251 -0.8510
vn -0.0000 0.6284 -0.7779
vn -0.0000 0.7472 -0.6645
vn -0.0000 0.7647 -0.6444
vn -0.0000 0.8679 -0.4967
vn -0.0000 0.9065 -0.4222
vn -0.0000 0.9835 -0.1811
vn 0.0001 0.9895 -0.1443
vn -0.0000 0.9904 0.1384
vn -0.0000 0.9893 0.1457
vn -0.0000 0.9895 0.1444
vn -0.0000 0.9895 -0.1444
vn -0.0001 0.9893 -0.1457
vn -0.0000 0.9904 -0.1384
vn 0.0001 0.9895 0.1443
vn -0.0000 0.9835 0.1811
vn -0.0000 0.9065 0.4222
vn -0.0000 0.8679 0.4967
vn -0.0000 0.7472 0.6646
vn -0.0000 0.7647 0.6444
vn -0.0000 0.6284 0.7779
vn -0.0000 0.5251 0.8510
vn -0.0000 0.4582 0.8889
vn -0.0000 0.2589 0.9659
vn -0.0000 0.2588 0.9659
vn -0.0001 0.9893 0.1461
vn -0.0001 0.9988 0.0487
vn -0.0064 0.9893 0.1459
vn -0.3090 0.9499 0.0464
vn -0.3195 0.9383 0.1321
vn -0.5878 0.8080 0.0395
vn -0.6130 0.7830 0.1055
vn -0.7439 0.6625 0.0874
vn -0.8090 0.5871 0.0287
vn -0.8568 0.5114 0.0663
vn -0.9510 0.3087 0.0151
vn -0.9430 0.3300 0.0422
vn -0.9921 0.1244 0.0158
vn -1.0000 0.0001 -0.0000
vn -0.3090 0.9499 -0.0464
vn -0.3195 0.9383 -0.1321
vn -0.0066 0.9893 -0.1457
vn -0.0003 0.9893 -0.1458
vn -0.6130 0.7830 -0.1055
vn -0.5878 0.8081 -0.0394
vn -0.7440 0.6625 -0.0874
vn -0.8090 0.5871 -0.0287
vn -0.8568 0.5114 -0.0663
vn -0.9511 0.3086 -0.0151
vn -0.9430 0.3300 -0.0422
vn -0.9921 0.1244 -0.0158
vn -0.0000 -0.7660 -0.6428
vn -0.0000 -0.5000 -0.8660
vn -0.0000 -0.1736 -0.9848
vn -0.0000 0.1736 -0.9848
vn -0.0000 0.7660 -0.6428
vn -0.0000 0.9397 -0.3420
vn -0.0000 0.9397 0.3420
vn -0.0000 0.7660 0.6428
vn -0.0000 0.1736 0.9848
vn -0.0000 -0.1736 0.9848
vn -0.0000 -0.5000 0.8660
vn -0.0000 -0.7660 0.6428
vn -0.0000 -0.9397 0.3420
vn -0.0000 -0.9397 -0.3420
vn -0.0000 0.4423 -0.8969
vn -0.0000 0.1305 -0.9914
vn -0.0000 -0.1951 -0.9808
vn -0.0000 -0.7518 -0.6593
vn -0.0000 -0.9239 -0.3827
vn -0.0000 -0.9979 -0.0654
vn 0.0001 -0.9659 0.2588
vn -0.0001 -0.9659 -0.2588
vn -0.0000 -0.9979 0.0654
vn -0.0000 -0.9239 0.3827
vn -0.0000 -0.7518 0.6593
vn -0.0000 -0.1951 0.9808
vn -0.0000 0.1305 0.9914
vn -0.0000 0.4423 0.8969
vn -0.0000 0.5556 0.8315
vn -0.0000 0.7934 0.6088
vn -0.0000 0.9469 0.3214
vn -0.0000 0.9469 -0.3214
vn -0.0000 0.7934 -0.6088
vn -0.0000 0.5556 -0.8315
vn -0.0000 0.2589 -0.9659
vn -0.0000 -0.9945 0.1045
vn -0.0000 -0.9945 -0.1045
vn -0.0000 -0.9781 -0.2079
vn -0.0000 -0.9511 -0.3090
vn -0.0000 -0.9135 -0.4067
vn -0.0000 -0.8660 -0.5000
vn -0.0000 -0.8090 -0.5878
vn -0.0000 -0.7431 -0.6691
vn -0.0000 -0.6691 -0.7431
vn -0.0000 -0.5878 -0.8090
vn -0.0000 -0.4067 -0.9135
vn -0.0000 -0.3090 -0.9511
vn -0.0000 -0.2079 -0.9781
vn -0.0000 -0.1045 -0.9945
vn -0.0000 -0.0000 -1.0000
vn -0.0000 0.1045 -0.9945
vn -0.0000 0.2079 -0.9781
vn -0.0000 0.3090 -0.9511
vn -0.0000 0.4067 -0.9135
vn -0.0000 0.5878 -0.8090
vn -0.0000 0.6691 -0.7431
vn -0.0000 0.7431 -0.6691
vn -0.0000 0.8090 -0.5878
vn -0.0000 0.8660 -0.5000
vn -0.0000 0.9135 -0.4067
vn -0.0000 0.9511 -0.3090
vn -0.0000 0.9781 -0.2079
vn -0.0000 0.9945 -0.1045
vn -0.0000 0.9945 0.1045
vn -0.0000 0.9781 0.2079
vn -0.0000 0.9511 0.3090
vn -0.0000 0.9135 0.4067
vn -0.0000 0.8660 0.5000
vn -0.0000 0.8090 0.5878
vn -0.0000 0.7431 0.6691
vn -0.0000 0.6691 0.7431
vn -0.0000 0.5878 0.8090
vn -0.0000 0.4067 0.9135
vn -0.0000 0.3090 0.9511
vn -0.0000 0.2079 0.9781
vn -0.0000 0.1045 0.9945
vn -0.0000 -0.0000 1.0000
vn -0.0000 -0.1045 0.9945
vn -0.0000 -0.2079 0.9781
vn -0.0000 -0.3090 0.9511
vn -0.0000 -0.4067 0.9135
vn -0.0000 -0.5878 0.8090
vn -0.0000 -0.6691 0.7431
vn -0.0000 -0.7431 0.6691
vn -0.0000 -0.8090 0.5878
vn -0.0000 -0.8660 0.5000
vn -0.0000 -0.9135 0.4067
vn -0.0000 -0.9511 0.3090
vn -0.0000 -0.9781 0.2079
vn 1.0000 -0.0000 -0.0000
vn -0.0000 -0.9937 -0.1120
vn -0.0000 -0.9937 0.1120
vn -0.0000 -0.9749 0.2225
vn -0.0000 -0.9439 0.3303
vn -0.0000 -0.9010 0.4339
vn -0.0000 -0.8467 0.5320
vn -0.0000 -0.7818 0.6235
vn -0.0000 -0.7071 0.7071
vn -0.0000 -0.6235 0.7818
vn -0.0000 -0.5320 0.8467
vn -0.0000 -0.4339 0.9010
vn -0.0000 -0.3303 0.9439
vn -0.0000 -0.2225 0.9749
vn -0.0000 -0.1120 0.9937
vn -0.0000 0.1120 0.9937
vn -0.0000 0.2225 0.9749
vn -0.0000 0.3303 0.9439
vn -0.0000 0.4339 0.9010
vn -0.0000 0.5320 0.8467
vn -0.0000 0.6235 0.7818
vn -0.0000 0.7818 0.6235
vn -0.0000 0.8467 0.5320
vn -0.0000 0.9010 0.4339
vn -0.0000 0.9439 0.3303
vn -0.0000 0.9749 0.2225
vn -0.0000 0.9937 0.1120
vn -0.0000 0.9937 -0.1120
vn -0.0000 0.9749 -0.2225
vn -0.0000 0.9439 -0.3303
vn -0.0000 0.9010 -0.4339
vn -0.0000 0.8467 -0.5320
vn -0.0000 0.7818 -0.6235
vn -0.0000 0.6235 -0.7818
vn -0.0000 0.5320 -0.8467
vn -0.0000 0.4339 -0.9010
vn -0.0000 0.3303 -0.9439
vn -0.0000 0.2225 -0.9749
vn -0.0000 0.1120 -0.9937
vn -0.0000 -0.1120 -0.9937
vn -0.0000 -0.2225 -0.9749
vn -0.0000 -0.3303 -0.9439
vn -0.0000 -0.4339 -0.9010
vn -0.0000 -0.5320 -0.8467
vn -0.0000 -0.6235 -0.7818
vn -0.0000 -0.7071 -0.7071
vn -0.0000 -0.7818 -0.6235
vn -0.0000 -0.8467 -0.5320
vn -0.0000 -0.9010 -0.4339
vn -0.0000 -0.9439 -0.3303
vn -0.0000 -0.9749 -0.2225
vn -0.1183 -0.0000 0.9930
vn 0.1183 -0.0000 0.9930
vn 0.2349 -0.0000 0.9720
vn 0.3482 -0.0000 0.9374
vn 0.4566 -0.0000 0.8897
vn 0.5586 -0.0000 0.8294
vn 0.6528 -0.0000 0.7575
vn 0.7378 -0.0000 0.6750
vn 0.8125 -0.0000 0.5830
vn 0.8757 -0.0000 0.4828
vn 0.9267 -0.0000 0.3758
vn 0.9646 -0.0000 0.2636
vn 0.9890 -0.0000 0.1476
vn 0.9996 -0.0000 0.0296
vn 0.9960 -0.0000 -0.0888
vn 0.9786 -0.0000 -0.2060
vn 0.9473 -0.0000 -0.3203
vn 0.9028 -0.0000 -0.4301
vn 0.8456 -0.0000 -0.5338
vn 0.7765 -0.0000 -0.6301
vn 0.6966 -0.0000 -0.7175
vn 0.6965 -0.0000 -0.7175
vn 0.6068 -0.0000 -0.7949
vn 0.5085 -0.0000 -0.8610
vn 0.4031 -0.0000 -0.9151
vn 0.2921 -0.0000 -0.9564
vn 0.1769 -0.0000 -0.9842
vn 0.0592 -0.0000 -0.9982
vn -0.0592 -0.0000 -0.9982
vn -0.1769 -0.0000 -0.9842
vn -0.2921 -0.0000 -0.9564
vn -0.4031 -0.0000 -0.9151
vn -0.5085 -0.0000 -0.8610
vn -0.6068 -0.0000 -0.7949
vn -0.6966 -0.0000 -0.7175
vn -0.7765 -0.0000 -0.6301
vn -0.8456 -0.0000 -0.5338
vn -0.9028 -0.0000 -0.4301
vn -0.9473 -0.0000 -0.3203
vn -0.9786 -0.0000 -0.2060
vn -0.9960 -0.0000 -0.0888
vn -0.9961 -0.0000 -0.0888
vn -0.9996 -0.0000 0.0296
vn -0.9890 -0.0000 0.1476
vn -0.9646 -0.0000 0.2636
vn -0.9267 -0.0000 0.3758
vn -0.8757 -0.0000 0.4828
vn -0.8125 -0.0000 0.5830
vn -0.7378 -0.0000 0.6750
vn -0.6528 -0.0000 0.7575
vn -0.5586 -0.0000 0.8294
vn -0.4566 -0.0000 0.8897
vn -0.3482 -0.0000 0.9374
vn -0.2349 -0.0000 0.9720
vn 0.1045 -0.0000 0.9945
vn 0.2079 -0.0000 0.9781
vn 0.3090 -0.0000 0.9511
vn 0.4067 -0.0000 0.9135
vn 0.5000 -0.0000 0.8660
vn 0.5878 -0.0000 0.8090
vn 0.6691 -0.0000 0.7431
vn 0.7431 -0.0000 0.6691
vn 0.8090 -0.0000 0.5878
vn 0.8660 -0.0000 0.5000
vn 0.9135 -0.0000 0.4067
vn 0.9511 -0.0000 0.3090
vn 0.9781 -0.0000 0.2079
vn 0.9945 -0.0000 0.1045
vn 0.9945 -0.0000 -0.1045
vn 0.9781 -0.0000 -0.2079
vn 0.9511 -0.0000 -0.3090
vn 0.9135 -0.0000 -0.4067
vn 0.8660 -0.0000 -0.5000
vn 0.8090 -0.0000 -0.5878
vn 0.7431 -0.0000 -0.6691
vn 0.6691 -0.0000 -0.7431
vn 0.5878 -0.0000 -0.8090
vn 0.5000 -0.0000 -0.8660
vn 0.4067 -0.0000 -0.9135
vn 0.3090 -0.0000 -0.9511
vn 0.2079 -0.0000 -0.9781
vn 0.1045 -0.0000 -0.9945
vn -0.0000 0.9932 -0.1161
vn -0.0000 0.9932 0.1161
vn -0.0000 0.9730 0.2306
vn -0.0000 0.8936 0.4488
vn -0.0000 0.8355 0.5495
vn -0.0000 0.6862 0.7274
vn -0.0000 0.5972 0.8021
vn -0.0000 0.3961 0.9182
vn -0.0000 0.2868 0.9580
vn -0.0000 0.1737 0.9848
vn -0.0000 0.0581 0.9983
vn -0.0000 -0.0581 0.9983
vn -0.0000 -0.1737 0.9848
vn -0.0000 -0.2868 0.9580
vn -0.0000 -0.3961 0.9182
vn -0.0000 -0.5972 0.8021
vn -0.0000 -0.6862 0.7274
vn -0.0000 -0.8355 0.5495
vn -0.0000 -0.8936 0.4488
vn -0.0000 -0.9730 0.2306
vn -0.0000 -0.9932 0.1161
vn -0.0000 -0.9932 -0.1161
vn -0.0000 -0.9730 -0.2306
vn -0.0000 -0.8936 -0.4488
vn -0.0000 -0.8355 -0.5495
vn -0.0000 -0.6862 -0.7274
vn -0.0000 -0.5972 -0.8021
vn -0.0000 -0.3961 -0.9182
vn -0.0000 -0.2868 -0.9580
vn -0.0000 -0.1737 -0.9848
vn -0.0000 -0.0581 -0.9983
vn -0.0000 0.0581 -0.9983
vn -0.0000 0.2868 -0.9580
vn -0.0000 0.3961 -0.9182
vn -0.0000 0.5972 -0.8021
vn -0.0000 0.6862 -0.7274
vn -0.0000 0.8355 -0.5495
vn -0.0000 0.8936 -0.4488
vn -0.0000 0.9730 -0.2306
vn -0.0000 -0.6197 0.7848
vn -0.0000 -0.8189 0.5740
vn -0.0000 -0.9996 0.0293
vn -0.0000 -0.3698 0.9291
vn -0.0000 0.4745 0.8803
vn -0.0000 -0.3698 -0.9291
vn -0.0000 -0.0877 -0.9961
vn -0.0000 0.4744 -0.8803
vn -0.0000 0.4745 -0.8803
vn -0.0000 -0.6197 -0.7848
vn -0.0000 -0.8189 -0.5740
vn -0.0000 -0.9996 -0.0293
vn -0.0000 -0.7518 -0.6594
vn -0.0000 -0.0395 -0.9992
vn -0.0000 0.5942 -0.8044
vn -0.0000 0.7588 -0.6514
vn -0.0000 0.7588 -0.6513
vn -0.0000 0.8272 -0.5620
vn -0.0000 0.8851 -0.4654
vn -0.0000 0.9667 -0.2560
vn -0.0000 -0.0395 0.9992
vn -0.0000 0.5942 0.8044
vn -0.0000 0.6808 0.7325
vn -0.0000 0.7588 0.6514
vn -0.0000 0.7588 0.6513
vn -0.0000 0.8272 0.5620
vn -0.0000 0.8851 0.4654
vn -0.0000 0.9667 0.2560
vn -0.0000 -0.8456 0.5338
vn -0.0000 0.9893 -0.1457
vn -0.0000 0.9895 0.1443
vn -0.0000 0.9895 0.1442
vn -0.0000 0.9065 0.4221
vn -0.0000 0.7472 0.6645
vn -0.0000 0.7473 0.6645
vn -0.0000 0.9895 -0.1443
vn -0.0000 0.9895 -0.1442
vn -0.0000 0.9065 -0.4221
vn -0.0000 0.7473 -0.6645
vn -0.0000 0.7933 0.6088
vn -1.0000 -0.0001 -0.0000
vt -0.925000 0.036382
vt -1.475000 0.036382
vt -0.925316 0.036063
vt -1.475000 0.021829
vt -0.940975 0.019961
vt -1.475000 0.007276
vt -0.955653 0.003075
vt -1.475000 -0.007276
vt -0.962199 -0.005946
vt -0.967838 -0.015500
vt -1.475000 -0.021829
vt -0.972150 -0.025676
vt -1.475000 -0.036382
vt -0.974606 -0.036382
vt 0.974606 -0.036382
vt 1.475000 -0.036382
vt 0.972150 -0.025676
vt 1.475000 -0.021829
vt 0.967838 -0.015500
vt 1.475000 -0.007276
vt 0.962199 -0.005946
vt 0.955653 0.003075
vt 1.475000 0.007276
vt 0.940975 0.019961
vt 1.475000 0.021829
vt 0.925316 0.036063
vt 1.475000 0.036382
vt 0.925000 0.036382
vt 0.078540 0.988846
vt 0.078540 1.197168
vt 0.072259 0.987978
vt 0.062832 1.180126
vt 0.061578 0.985390
vt 0.051446 0.980949
vt 0.047124 1.180126
vt 0.041950 0.975201
vt 0.031416 1.180126
vt 0.032996 0.968567
vt 0.015708 1.180126
vt 0.016260 0.953770
vt 0.000000 1.180126
vt 0.000316 0.938037
vt 0.000000 0.937720
vt 0.078540 1.405490
vt 0.062832 1.422532
vt 0.047124 1.422532
vt 0.051446 1.621709
vt 0.041950 1.627457
vt 0.078540 1.613812
vt 0.072259 1.614680
vt 0.061578 1.617268
vt 0.031416 1.422532
vt 0.032996 1.634091
vt 0.016260 1.648888
vt 0.015708 1.422532
vt 0.000316 1.664621
vt 0.000000 1.422532
vt 0.000000 1.664938
vt 0.000000 7.557605
vt 0.925000 7.732064
vt 0.000000 7.853981
vt 0.000000 -7.853981
vt 0.925000 -7.975899
vt 0.925000 -7.732064
vt 0.000000 -7.557605
vt 0.925000 -7.488230
vt 0.000000 -7.261228
vt 1.475000 -7.488230
vt 1.475000 -7.206699
vt 0.925000 7.488230
vt 0.000000 7.261228
vt 1.475000 7.488230
vt 1.475000 7.206699
vt 0.000000 6.964852
vt 1.475000 6.925169
vt 0.000000 6.668475
vt 1.475000 6.643639
vt 0.000000 6.372098
vt 1.475000 6.362109
vt 0.000000 6.075722
vt 1.475000 6.080578
vt 1.475000 5.799048
vt 0.000000 5.779345
vt 1.475000 5.517518
vt 0.000000 5.482968
vt 1.475000 5.235988
vt 0.000000 5.186592
vt 1.475000 4.954457
vt 0.000000 4.890215
vt 1.475000 4.672927
vt 0.000000 4.593838
vt 1.475000 4.391397
vt 0.000000 4.297462
vt 1.475000 4.109867
vt 0.000000 4.001085
vt 1.475000 3.828336
vt 0.000000 3.704708
vt 1.475000 3.546806
vt 0.000000 3.408332
vt 1.475000 3.265276
vt 0.000000 3.111955
vt 1.475000 2.983746
vt 0.925000 2.983746
vt 0.000000 2.815578
vt 0.925000 2.739911
vt 0.000000 2.519202
vt 0.925000 2.496077
vt 0.925000 2.252242
vt 0.000000 2.222825
vt 1.475000 2.252242
vt 1.475000 1.970712
vt 0.000000 1.926448
vt 1.475000 1.689181
vt 0.000000 1.630072
vt 1.475000 1.407651
vt 0.000000 1.333695
vt 1.475000 1.126121
vt 0.000000 1.037318
vt 1.475000 0.844591
vt 0.000000 0.740942
vt 1.475000 0.563060
vt 0.000000 0.444565
vt 1.475000 0.281530
vt 0.000000 0.148188
vt 1.475000 0.000000
vt 0.000000 -0.148188
vt 1.475000 -0.281530
vt 0.000000 -0.444565
vt 1.475000 -0.563060
vt 0.000000 -0.740942
vt 1.475000 -0.844591
vt 0.000000 -1.037318
vt 1.475000 -1.126121
vt 0.000000 -1.333695
vt 1.475000 -1.407651
vt 0.000000 -1.630072
vt 1.475000 -1.689181
vt 0.000000 -1.926448
vt 1.475000 -1.970712
vt 0.000000 -2.222825
vt 1.475000 -2.252242
vt 0.925000 -2.252242
vt 0.000000 -2.519202
vt 0.925000 -2.496077
vt 0.925000 -2.739911
vt 0.000000 -2.815578
vt 0.925000 -2.983746
vt 0.000000 -3.111955
vt 1.475000 -2.983746
vt 1.475000 -3.265276
vt 0.000000 -3.408332
vt 1.475000 -3.546806
vt 0.000000 -3.704708
vt 1.475000 -3.828336
vt 0.000000 -4.001085
vt 1.475000 -4.109867
vt 0.000000 -4.297462
vt 1.475000 -4.391397
vt 0.000000 -4.593838
vt 1.475000 -4.672927
vt 0.000000 -4.890215
vt 1.475000 -4.954457
vt 0.000000 -5.186592
vt 1.475000 -5.235988
vt 0.000000 -5.482968
vt 1.475000 -5.517518
vt 0.000000 -5.779345
vt 1.475000 -5.799048
vt 0.000000 -6.075722
vt 1.475000 -6.080578
vt 1.475000 -6.362109
vt 0.000000 -6.372098
vt 1.475000 -6.643639
vt 0.000000 -6.668475
vt 1.475000 -6.925169
vt 0.000000 -6.964852
vt 0.000000 6.870255
vt 0.000000 6.627848
vt 0.000316 6.869937
vt 0.015708 6.627848
vt 0.016260 6.854204
vt 0.031416 6.627848
vt 0.032996 6.839406
vt 0.041950 6.832773
vt 0.047124 6.627848
vt 0.051446 6.827025
vt 0.062832 6.627848
vt 0.061578 6.822585
vt 0.072259 6.819996
vt 0.078540 6.610806
vt 0.078540 6.819128
vt 0.015708 6.385442
vt 0.000000 6.385442
vt 0.016260 6.159086
vt 0.000316 6.143353
vt 0.000000 6.143035
vt 0.032996 6.173883
vt 0.031416 6.385442
vt 0.041950 6.180517
vt 0.047124 6.385442
vt 0.051446 6.186265
vt 0.062832 6.385442
vt 0.061578 6.190706
vt 0.072259 6.193294
vt 0.078540 6.402484
vt 0.078540 6.194162
vt 0.260344 0.500394
vt 0.254021 0.500000
vt 0.260344 0.000000
vt 0.000000 0.000000
vt 0.000000 0.500000
vt 0.197849 -0.102649
vt 0.122567 -0.102846
vt 0.180661 -0.307227
vt 0.080000 -0.138564
vt 0.027784 -0.157569
vt 0.197849 0.102649
vt 0.160000 0.000000
vt 0.150351 -0.054723
vt 0.180661 0.307227
vt 0.122567 0.102846
vt 0.150351 0.054723
vt -0.064705 0.241481
vt 0.027784 0.157569
vt 0.080000 0.138564
vt -0.138893 0.207867
vt -0.080000 0.138564
vt -0.027784 0.157569
vt -0.122567 0.102846
vt -0.198338 0.152190
vt -0.150351 0.054723
vt -0.236733 0.080360
vt -0.160000 0.000000
vt -0.250000 0.000000
vt -0.236733 -0.080360
vt -0.150351 -0.054723
vt -0.198338 -0.152190
vt -0.122567 -0.102846
vt -0.138893 -0.207867
vt -0.080000 -0.138564
vt -0.064705 -0.241481
vt -0.027784 -0.157569
vt 0.044134 0.500394
vt 0.044134 0.000000
vt 0.050457 0.500000
vt 0.304478 0.000000
vt 0.304478 0.500000
vt 0.000000 -3.540378
vt 0.000000 -3.782784
vt 0.000316 -3.540695
vt 0.015708 -3.782784
vt 0.016260 -3.556428
vt 0.031416 -3.782784
vt 0.032996 -3.571225
vt 0.041950 -3.577859
vt 0.047124 -3.782784
vt 0.051446 -3.583607
vt 0.062832 -3.782784
vt 0.061578 -3.588048
vt 0.072259 -3.590636
vt 0.078540 -3.799826
vt 0.078540 -3.591504
vt 0.015708 -4.025190
vt 0.000000 -4.025190
vt 0.016260 -4.251546
vt 0.000316 -4.267279
vt 0.000000 -4.267596
vt 0.032996 -4.236749
vt 0.031416 -4.025190
vt 0.041950 -4.230115
vt 0.047124 -4.025190
vt 0.051446 -4.224367
vt 0.062832 -4.025190
vt 0.061578 -4.219926
vt 0.072259 -4.217338
vt 0.078540 -4.008148
vt 0.078540 -4.216470
vt -0.311250 -0.446804
vt -0.811250 -0.446804
vt -0.311250 -0.502655
vt -0.811250 -0.502655
vt -0.311250 0.502655
vt -0.811250 0.502655
vt -0.311250 0.446804
vt -0.811250 0.446804
vt -0.311250 0.390954
vt -0.811250 0.390954
vt -0.311250 0.335103
vt -0.811250 0.335103
vt -0.311250 0.279253
vt -0.811250 0.279253
vt -0.311250 0.223402
vt -0.811250 0.223402
vt -0.311250 0.167552
vt -0.811250 0.167552
vt -0.311250 0.111701
vt -0.811250 0.111701
vt -0.311250 0.055851
vt -0.811250 0.055851
vt -0.311250 0.000000
vt -0.811250 0.000000
vt -0.311250 -0.055851
vt -0.811250 -0.055851
vt -0.311250 -0.111701
vt -0.811250 -0.111701
vt -0.311250 -0.167552
vt -0.811250 -0.167552
vt -0.311250 -0.223402
vt -0.811250 -0.223402
vt -0.311250 -0.279253
vt -0.811250 -0.279253
vt -0.311250 -0.335103
vt -0.811250 -0.335103
vt -0.311250 -0.390954
vt -0.811250 -0.390954
vt -0.500000 -0.654498
vt 0.000000 -0.654498
vt -0.500000 -0.572686
vt 0.000000 -0.572686
vt -0.500000 -0.490874
vt 0.000000 -0.490874
vt -0.500000 -0.409062
vt 0.000000 -0.409062
vt -0.500000 -0.327249
vt 0.000000 -0.327249
vt -0.500000 -0.245437
vt 0.000000 -0.245437
vt -0.500000 -0.163625
vt 0.000000 -0.163625
vt -0.500000 -0.081812
vt 0.000000 -0.081812
vt -0.500000 0.000000
vt -0.150000 9.566150
vt 0.000000 9.566150
vt -0.150000 9.896017
vt 0.000000 9.896017
vt -0.150000 -9.896017
vt 0.000000 -9.896017
vt -0.150000 -9.566150
vt 0.000000 -9.566150
vt -0.150000 -9.236282
vt 0.000000 -9.236282
vt -0.150000 -8.906415
vt 0.000000 -8.906415
vt -0.150000 -8.576548
vt 0.000000 -8.576548
vt -0.150000 -8.246680
vt 0.000000 -8.246680
vt -0.150000 -7.916813
vt 0.000000 -7.916813
vt -0.150000 -7.586946
vt 0.000000 -7.586946
vt -0.150000 -7.257079
vt 0.000000 -7.257079
vt -0.150000 -6.927212
vt 0.000000 -6.927212
vt -0.150000 -6.597344
vt 0.000000 -6.597344
vt -0.150000 -6.267478
vt 0.000000 -6.267478
vt -0.150000 -5.937610
vt 0.000000 -5.937610
vt -0.150000 -5.607743
vt 0.000000 -5.607743
vt -0.150000 -5.277875
vt 0.000000 -5.277875
vt -0.150000 -4.948009
vt 0.000000 -4.948009
vt -0.150000 -4.618141
vt 0.000000 -4.618141
vt -0.150000 -4.288274
vt 0.000000 -4.288274
vt -0.150000 -3.958407
vt 0.000000 -3.958407
vt -0.150000 -3.628540
vt 0.000000 -3.628540
vt -0.150000 -3.298672
vt 0.000000 -3.298672
vt -0.150000 -2.968805
vt 0.000000 -2.968805
vt -0.150000 -2.638938
vt 0.000000 -2.638938
vt -0.150000 -2.309071
vt 0.000000 -2.309071
vt -0.150000 -1.979203
vt 0.000000 -1.979203
vt -0.150000 -1.649336
vt 0.000000 -1.649336
vt -0.150000 -1.319469
vt 0.000000 -1.319469
vt -0.150000 -0.989602
vt 0.000000 -0.989602
vt -0.150000 -0.659734
vt 0.000000 -0.659734
vt -0.150000 -0.329867
vt 0.000000 -0.329867
vt -0.150000 0.000000
vt -0.150000 0.329867
vt 0.000000 0.329867
vt -0.150000 0.659734
vt 0.000000 0.659734
vt -0.150000 0.989602
vt 0.000000 0.989602
vt -0.150000 1.319469
vt 0.000000 1.319469
vt -0.150000 1.649336
vt 0.000000 1.649336
vt -0.150000 1.979203
vt 0.000000 1.979203
vt -0.150000 2.309071
vt 0.000000 2.309071
vt -0.150000 2.638938
vt 0.000000 2.638938
vt -0.150000 2.968805
vt 0.000000 2.968805
vt -0.150000 3.298672
vt 0.000000 3.298672
vt -0.150000 3.628540
vt 0.000000 3.628540
vt -0.150000 3.958407
vt 0.000000 3.958407
vt -0.150000 4.288274
vt 0.000000 4.288274
vt -0.150000 4.618141
vt 0.000000 4.618141
vt -0.150000 4.948009
vt 0.000000 4.948009
vt -0.150000 5.277875
vt 0.000000 5.277875
vt -0.150000 5.607743
vt 0.000000 5.607743
vt -0.150000 5.937610
vt 0.000000 5.937610
vt -0.150000 6.267478
vt 0.000000 6.267478
vt -0.150000 6.597344
vt 0.000000 6.597344
vt -0.150000 6.927212
vt 0.000000 6.927212
vt -0.150000 7.257079
vt 0.000000 7.257079
vt -0.150000 7.586946
vt 0.000000 7.586946
vt -0.150000 7.916813
vt 0.000000 7.916813
vt -0.150000 8.246680
vt 0.000000 8.246680
vt -0.150000 8.576548
vt 0.000000 8.576548
vt -0.150000 8.906415
vt 0.000000 8.906415
vt -0.150000 9.236282
vt 0.000000 9.236282
vt -2.732709 0.307902
vt -3.132744 0.329265
vt -2.750000 0.000000
vt -3.150000 0.000000
vt -3.132744 -0.329265
vt -3.081165 0.654922
vt -2.681052 0.611933
vt -2.995828 0.973404
vt -2.595679 0.908267
vt -2.877668 1.281220
vt -2.477664 1.193180
vt -2.727980 1.575000
vt -2.328491 1.463088
vt -2.548404 1.851524
vt -2.150037 1.714597
vt -2.340906 2.107761
vt -1.944544 1.944544
vt -2.107761 2.340906
vt -1.714597 2.150037
vt -1.851524 2.548404
vt -1.463088 2.328491
vt -1.575000 2.727980
vt -1.193180 2.477664
vt -1.281220 2.877668
vt -0.908267 2.595679
vt -0.973404 2.995828
vt -0.611933 2.681052
vt -0.654922 3.081165
vt -0.307902 2.732709
vt -0.329265 3.132744
vt 0.000000 2.750000
vt 0.000000 3.150000
vt 0.329265 3.132744
vt 0.307902 2.732709
vt 0.654922 3.081165
vt 0.611933 2.681052
vt 0.973404 2.995828
vt 0.908267 2.595679
vt 1.281220 2.877668
vt 1.193180 2.477664
vt 1.575000 2.727980
vt 1.463088 2.328491
vt 1.851524 2.548404
vt 1.714597 2.150037
vt 2.107761 2.340906
vt 1.944544 1.944544
vt 2.340906 2.107761
vt 2.150037 1.714597
vt 2.548404 1.851524
vt 2.328491 1.463088
vt 2.727980 1.575000
vt 2.477664 1.193180
vt 2.877668 1.281220
vt 2.595679 0.908267
vt 2.995828 0.973404
vt 2.681052 0.611933
vt 3.081165 0.654922
vt 2.732709 0.307902
vt 3.132744 0.329265
vt 2.750000 0.000000
vt 3.150000 0.000000
vt 3.132744 -0.329265
vt 2.732709 -0.307902
vt 3.081165 -0.654922
vt 2.681052 -0.611933
vt 2.995828 -0.973404
vt 2.595679 -0.908267
vt 2.877668 -1.281220
vt 2.477664 -1.193180
vt 2.727980 -1.575000
vt 2.328491 -1.463088
vt 2.548404 -1.851524
vt 2.150037 -1.714597
vt 2.340906 -2.107761
vt 1.944544 -1.944544
vt 2.107761 -2.340906
vt 1.714597 -2.150037
vt 1.851524 -2.548404
vt 1.463088 -2.328491
vt 1.575000 -2.727980
vt 1.193180 -2.477664
vt 1.281220 -2.877668
vt 0.908267 -2.595679
vt 0.973404 -2.995828
vt 0.611933 -2.681052
vt 0.654922 -3.081165
vt 0.307902 -2.732709
vt 0.329265 -3.132744
vt 0.000000 -2.750000
vt 0.000000 -3.150000
vt -0.329265 -3.132744
vt -0.307902 -2.732709
vt -0.654922 -3.081165
vt -0.611933 -2.681052
vt -0.973404 -2.995828
vt -0.908267 -2.595679
vt -1.281220 -2.877668
vt -1.193180 -2.477664
vt -1.575000 -2.727980
vt -1.463088 -2.328491
vt -1.851524 -2.548404
vt -1.714597 -2.150037
vt -2.107761 -2.340906
vt -1.944544 -1.944544
vt -2.340906 -2.107761
vt -2.150037 -1.714597
vt -2.548404 -1.851524
vt -2.328491 -1.463088
vt -2.727980 -1.575000
vt -2.477664 -1.193180
vt -2.877668 -1.281220
vt -2.595679 -0.908267
vt -2.995828 -0.973404
vt -2.681052 -0.611933
vt -3.081165 -0.654922
vt -2.732709 -0.307902
vt -0.150000 -8.330831
vt -1.475000 -8.330831
vt -0.150000 -8.639380
vt -1.475000 -8.639380
vt -0.150000 8.639380
vt -1.475000 8.639380
vt -0.150000 8.330831
vt -1.475000 8.330831
vt -0.150000 8.022282
vt -1.475000 8.022282
vt -0.150000 7.713732
vt -1.475000 7.713732
vt -0.150000 7.405183
vt -1.475000 7.405183
vt -0.150000 7.096633
vt -1.475000 7.096633
vt -0.150000 6.788084
vt -1.475000 6.788084
vt -0.150000 6.479535
vt -1.475000 6.479535
vt -0.150000 6.170986
vt -1.475000 6.170986
vt -0.150000 5.862436
vt -1.475000 5.862436
vt -0.150000 5.553887
vt -1.475000 5.553887
vt -0.150000 5.245338
vt -1.475000 5.245338
vt -0.150000 4.936789
vt -1.475000 4.936789
vt -0.150000 4.628239
vt -1.475000 4.628239
vt -0.150000 4.319690
vt -1.475000 4.319690
vt -0.150000 4.011141
vt -1.475000 4.011141
vt -0.150000 3.702591
vt -1.475000 3.702591
vt -0.150000 3.394042
vt -1.475000 3.394042
vt -0.150000 3.085493
vt -1.475000 3.085493
vt -0.150000 2.776943
vt -1.475000 2.776943
vt -0.150000 2.468394
vt -1.475000 2.468394
vt -0.150000 2.159845
vt -1.475000 2.159845
vt -0.150000 1.851296
vt -1.475000 1.851296
vt -0.150000 1.542746
vt -1.475000 1.542746
vt -0.150000 1.234197
vt -1.475000 1.234197
vt -0.150000 0.925648
vt -1.475000 0.925648
vt -0.150000 0.617099
vt -1.475000 0.617099
vt -0.150000 0.308549
vt -1.475000 0.308549
vt -1.475000 0.000000
vt -0.150000 -0.308549
vt -1.475000 -0.308549
vt -0.150000 -0.617099
vt -1.475000 -0.617099
vt -0.150000 -0.925648
vt -1.475000 -0.925648
vt -0.150000 -1.234197
vt -1.475000 -1.234197
vt -0.150000 -1.542746
vt -1.475000 -1.542746
vt -0.150000 -1.851296
vt -1.475000 -1.851296
vt -0.150000 -2.159845
vt -1.475000 -2.159845
vt -0.150000 -2.468394
vt -1.475000 -2.468394
vt -0.150000 -2.776943
vt -1.475000 -2.776943
vt -0.150000 -3.085493
vt -1.475000 -3.085493
vt -0.150000 -3.394042
vt -1.475000 -3.394042
vt -0.150000 -3.702591
vt -1.475000 -3.702591
vt -0.150000 -4.011141
vt -1.475000 -4.011141
vt -0.150000 -4.319690
vt -1.475000 -4.319690
vt -0.150000 -4.628239
vt -1.475000 -4.628239
vt -0.150000 -4.936789
vt -1.475000 -4.936789
vt -0.150000 -5.245338
vt -1.475000 -5.245338
vt -0.150000 -5.553887
vt -1.475000 -5.553887
vt -0.150000 -5.862436
vt -1.475000 -5.862436
vt -0.150000 -6.170986
vt -1.475000 -6.170986
vt -0.150000 -6.479535
vt -1.475000 -6.479535
vt -0.150000 -6.788084
vt -1.475000 -6.788084
vt -0.150000 -7.096633
vt -1.475000 -7.096633
vt -0.150000 -7.405183
vt -1.475000 -7.405183
vt -0.150000 -7.713732
vt -1.475000 -7.713732
vt -0.150000 -8.022282
vt -1.475000 -8.022282
vt 1.002433 1.845711
vt 0.937040 1.783721
vt 1.045000 1.809993
vt 1.000000 1.732051
vt 1.076227 1.703361
vt 0.894030 1.852886
vt 0.974649 1.893834
vt 0.875535 1.932206
vt 0.965000 1.948557
vt 0.883519 2.013262
vt 0.974649 2.003280
vt 1.002433 2.051403
vt 0.950900 2.264735
vt 1.045000 2.087121
vt 1.097216 2.106126
vt 0.952583 2.279138
vt 1.152784 2.106126
vt 1.205000 2.087121
vt 1.247567 2.051403
vt 1.497500 1.964530
vt 1.275351 2.003280
vt 1.485868 1.955871
vt 1.285000 1.948557
vt 1.275351 1.893834
vt 1.301777 1.771780
vt 1.247567 1.845711
vt 1.205000 1.809993
vt 1.235572 1.724339
vt 1.152784 1.790988
vt 1.157632 1.700696
vt 1.097216 1.790988
vt 1.097216 -1.790988
vt 1.076227 -1.703361
vt 1.045000 -1.809993
vt 1.000000 -1.732051
vt 0.937040 -1.783721
vt 1.157632 -1.700696
vt 1.152784 -1.790988
vt 1.235572 -1.724339
vt 1.205000 -1.809993
vt 1.301777 -1.771780
vt 1.247567 -1.845711
vt 1.275351 -1.893834
vt 1.485868 -1.955871
vt 1.285000 -1.948557
vt 1.275351 -2.003280
vt 1.497500 -1.964530
vt 1.247567 -2.051403
vt 1.205000 -2.087121
vt 1.152784 -2.106126
vt 0.952583 -2.279138
vt 1.097216 -2.106126
vt 0.950900 -2.264735
vt 1.045000 -2.087121
vt 1.002433 -2.051403
vt 0.883519 -2.013262
vt 0.974649 -2.003280
vt 0.965000 -1.948557
vt 0.875535 -1.932206
vt 0.974649 -1.893834
vt 0.894030 -1.852886
vt 1.002433 -1.845711
vt -2.099649 -0.054723
vt -2.013268 -0.080360
vt -2.090000 0.000000
vt -2.000000 0.000000
vt -2.013268 0.080360
vt -2.051662 -0.152190
vt -2.127433 -0.102846
vt -2.111107 -0.207867
vt -2.170000 -0.138564
vt -2.185295 -0.241481
vt -2.222216 -0.157569
vt -2.277784 -0.157569
vt -2.436768 -0.308863
vt -2.330000 -0.138564
vt -2.372567 -0.102846
vt -2.450083 -0.314608
vt -2.400351 -0.054723
vt -2.410000 0.000000
vt -2.400351 0.054723
vt -2.450083 0.314608
vt -2.372567 0.102846
vt -2.436768 0.308863
vt -2.330000 0.138564
vt -2.277784 0.157569
vt -2.185295 0.241481
vt -2.222216 0.157569
vt -2.170000 0.138564
vt -2.111107 0.207867
vt -2.127433 0.102846
vt -2.051662 0.152190
vt -2.099649 0.054723
vt -2.416672 0.640075
vt -2.473293 0.364449
vt -2.473304 0.349947
vt -2.469153 0.336052
vt -2.461190 0.323933
vt -2.329437 0.907592
vt -2.212692 1.163612
vt -2.067917 1.404891
vt -1.896945 1.628373
vt -1.701943 1.831227
vt -1.485380 2.010882
vt -1.250000 2.165064
vt -0.998785 2.291818
vt -0.734918 2.389539
vt -0.461740 2.456989
vt -0.182713 2.493314
vt 0.098629 2.498054
vt 0.378721 2.471148
vt 0.654015 2.412937
vt 0.921025 2.324159
vt 0.933589 2.316918
vt 0.943547 2.306376
vt 0.950061 2.293419
vt 1.511129 1.969486
vt 1.525606 1.970323
vt 1.539715 1.966971
vt 1.552268 1.959710
vt 1.762657 1.772862
vt 1.950716 1.563556
vt 2.114064 1.334442
vt 2.250630 1.088423
vt 2.358685 0.828616
vt 2.436860 0.558312
vt 2.484165 0.280936
vt 2.500000 0.000000
vt 2.484165 -0.280936
vt 2.436860 -0.558312
vt 2.358685 -0.828616
vt 2.250630 -1.088423
vt 2.114064 -1.334442
vt 1.950716 -1.563556
vt 1.762657 -1.772862
vt 1.552268 -1.959710
vt 1.539715 -1.966971
vt 1.525606 -1.970323
vt 1.511129 -1.969486
vt 0.950061 -2.293419
vt 0.943547 -2.306376
vt 0.933589 -2.316918
vt 0.921025 -2.324159
vt 0.654015 -2.412937
vt 0.378721 -2.471148
vt 0.098629 -2.498054
vt -0.182713 -2.493314
vt -0.461740 -2.456989
vt -0.734918 -2.389539
vt -0.998785 -2.291818
vt -1.250000 -2.165064
vt -1.485380 -2.010882
vt -1.701943 -1.831227
vt -1.896945 -1.628373
vt -2.067917 -1.404891
vt -2.212692 -1.163612
vt -2.329437 -0.907592
vt -2.416672 -0.640075
vt -2.473293 -0.364449
vt -2.473304 -0.349947
vt -2.469153 -0.336052
vt -2.461190 -0.323933
vt 2.482453 0.295683
vt 2.430057 0.587215
vt 2.343549 0.870504
vt 2.224143 1.141573
vt 2.073514 1.396617
vt 1.893778 1.632055
vt 1.687458 1.844583
vt 1.457449 2.031217
vt 1.206980 2.189337
vt 0.939569 2.316724
vt 0.658968 2.411589
vt 0.369116 2.472600
vt 0.074083 2.498902
vt -0.221990 2.490125
vt -0.514947 2.446391
vt -0.800675 2.368316
vt -1.075163 2.256994
vt -1.334558 2.113990
vt -1.575220 1.941310
vt -1.793768 1.741378
vt -1.987136 1.517000
vt -2.152609 1.271328
vt -2.287864 1.007809
vt -2.391002 0.730142
vt -2.460577 0.442226
vt -2.495609 0.148102
vt -2.495609 -0.148102
vt -2.460577 -0.442226
vt -2.391002 -0.730142
vt -2.287864 -1.007809
vt -2.152609 -1.271328
vt -1.987136 -1.517000
vt -1.793768 -1.741378
vt -1.575220 -1.941310
vt -1.334558 -2.113990
vt -1.075163 -2.256994
vt -0.800675 -2.368316
vt -0.514947 -2.446391
vt -0.221990 -2.490125
vt 0.074083 -2.498902
vt 0.369116 -2.472600
vt 0.658968 -2.411589
vt 0.939569 -2.316724
vt 1.206980 -2.189337
vt 1.457449 -2.031217
vt 1.687458 -1.844583
vt 1.893778 -1.632055
vt 2.073514 -1.396617
vt 2.224143 -1.141573
vt 2.343549 -0.870504
vt 2.430057 -0.587215
vt 2.482453 -0.295683
vt 0.000000 0.300000
vt -4.000000 0.300000
vt -4.000000 0.000000
vt -0.300000 0.300000
vt -0.300000 0.000000
vt -2.000000 -3.600000
vt -2.000000 -3.300000
vt -3.500000 -3.600000
vt -2.083156 -1.695261
vt -2.280866 -1.436279
vt 2.000000 -3.300000
vt -0.081492 -2.648792
vt -0.406028 -2.619860
vt -0.724865 -2.552748
vt 2.000000 -3.600000
vt 3.500000 -3.600000
vt 1.973145 -1.815515
vt 1.732742 -2.035441
vt 3.500000 0.100000
vt 2.516650 -1.008589
vt 2.367870 -1.298461
vt 2.185850 -1.568700
vt 3.480827 0.465850
vt 2.745170 0.262912
vt 2.745170 -0.062912
vt 2.706634 -0.386448
vt 2.706634 0.586448
vt 3.423517 0.827691
vt 2.630103 0.903156
vt 3.328698 1.181559
vt 2.516650 1.208589
vt 3.197409 1.523578
vt 3.031089 1.850000
vt 2.367870 1.498461
vt 2.831559 2.157248
vt 2.185850 1.768700
vt 2.601007 2.441957
vt 1.973145 2.015515
vt 2.341957 2.701007
vt 1.732742 2.235441
vt 2.057248 2.931560
vt 1.468014 2.425389
vt 1.750000 3.131089
vt 1.182679 2.582694
vt 1.423578 3.297409
vt 0.880742 2.705148
vt 1.081560 3.428698
vt 0.566441 2.791030
vt 0.727691 3.523517
vt 0.365850 3.580827
vt 0.244189 2.839137
vt 0.000000 3.600000
vt -0.081492 2.848792
vt -0.365850 3.580827
vt -0.406028 2.819860
vt -0.727691 3.523517
vt -0.724865 2.752748
vt -1.081560 3.428698
vt -1.033526 2.648396
vt -1.423578 3.297409
vt -1.327679 2.508271
vt -1.750000 3.131089
vt -1.603194 2.334339
vt -2.057248 2.931560
vt -1.856203 2.129041
vt -2.341957 2.701007
vt -2.601007 2.441957
vt -2.083156 1.895261
vt -2.831559 2.157248
vt -2.280866 1.636279
vt -3.031089 1.850000
vt -2.446557 1.355730
vt -3.197409 1.523578
vt -2.577904 1.057554
vt -3.328698 1.181559
vt -2.673063 0.745937
vt -3.423517 0.827691
vt -2.730698 0.425251
vt -3.480827 0.465850
vt -2.750000 0.100000
vt -3.500000 0.100000
vt -2.730698 -0.225251
vt -2.673063 -0.545937
vt -2.577904 -0.857554
vt -2.446557 -1.155730
vt 2.630103 -0.703156
vt 1.468014 -2.225389
vt 1.182679 -2.382694
vt 0.880742 -2.505147
vt 0.566441 -2.591030
vt 0.244189 -2.639137
vt -1.033526 -2.448396
vt -1.327679 -2.308271
vt -1.603194 -2.134339
vt -1.856203 -1.929042
vt 5.500000 0.000000
vt 7.000000 0.000000
vt 5.500000 0.300000
vt 7.000000 0.300000
vt 0.300000 -8.313366
vt 0.000000 -8.313366
vt 0.300000 -8.639380
vt 0.000000 -8.639380
vt 0.300000 8.639380
vt 0.000000 8.639380
vt 0.300000 8.313366
vt 0.000000 8.313366
vt 0.300000 7.987351
vt 0.000000 7.987351
vt 0.300000 7.661337
vt 0.000000 7.661337
vt 0.300000 7.335322
vt 0.000000 7.335322
vt 0.300000 7.009308
vt 0.000000 7.009308
vt 0.300000 6.683294
vt 0.000000 6.683294
vt 0.300000 6.357279
vt 0.000000 6.357279
vt 0.300000 6.031265
vt 0.000000 6.031265
vt 0.300000 5.705251
vt 0.000000 5.705251
vt 0.300000 5.379237
vt 0.000000 5.379237
vt 0.300000 5.053222
vt 0.000000 5.053222
vt 0.300000 4.727208
vt 0.000000 4.727208
vt 0.300000 4.401194
vt 0.000000 4.401194
vt 0.300000 4.075179
vt 0.000000 4.075179
vt 0.300000 3.749165
vt 0.000000 3.749165
vt 0.300000 3.423151
vt 0.000000 3.423151
vt 0.300000 3.097136
vt 0.000000 3.097136
vt 0.300000 2.771122
vt 0.000000 2.771122
vt 0.300000 2.445107
vt 0.000000 2.445107
vt 0.300000 2.119093
vt 0.000000 2.119093
vt 0.300000 1.793079
vt 0.000000 1.793079
vt 0.300000 1.467064
vt 0.000000 1.467064
vt 0.300000 1.141050
vt 0.000000 1.141050
vt 0.300000 0.815036
vt 0.000000 0.815036
vt 0.300000 0.489022
vt 0.000000 0.489022
vt 0.300000 0.163007
vt 0.000000 0.163007
vt 0.300000 -0.163007
vt 0.000000 -0.163007
vt 0.300000 -0.489022
vt 0.000000 -0.489022
vt 0.300000 -0.815036
vt 0.000000 -0.815036
vt 0.300000 -1.141050
vt 0.000000 -1.141050
vt 0.300000 -1.467064
vt 0.000000 -1.467064
vt 0.300000 -1.793079
vt 0.000000 -1.793079
vt 0.300000 -2.119093
vt 0.000000 -2.119093
vt 0.300000 -2.445107
vt 0.000000 -2.445107
vt 0.300000 -2.771122
vt 0.000000 -2.771122
vt 0.300000 -3.097136
vt 0.000000 -3.097136
vt 0.300000 -3.423151
vt 0.000000 -3.423151
vt 0.300000 -3.749165
vt 0.000000 -3.749165
vt 0.300000 -4.075179
vt 0.000000 -4.075179
vt 0.300000 -4.401194
vt 0.000000 -4.401194
vt 0.300000 -4.727208
vt 0.000000 -4.727208
vt 0.300000 -5.053222
vt 0.000000 -5.053222
vt 0.300000 -5.379237
vt 0.000000 -5.379237
vt 0.300000 -5.705251
vt 0.000000 -5.705251
vt 0.300000 -6.031265
vt 0.000000 -6.031265
vt 0.300000 -6.357279
vt 0.000000 -6.357279
vt 0.300000 -6.683294
vt 0.000000 -6.683294
vt 0.300000 -7.009308
vt 0.000000 -7.009308
vt 0.300000 -7.335322
vt 0.000000 -7.335322
vt 0.300000 -7.661337
vt 0.000000 -7.661337
vt 0.300000 -7.987351
vt 0.000000 -7.987351
vt 3.700000 0.000000
vt 3.700000 0.300000
vt 1.500000 0.300000
vt 1.500000 0.000000
vt -0.300000 0.366519
vt 0.000000 0.366519
vt -0.300000 0.733038
vt 0.000000 0.733038
vt -0.300000 1.099557
vt 0.000000 1.099557
vt -0.300000 1.466077
vt 0.000000 1.466077
vt -0.300000 1.832596
vt 0.000000 1.832596
vt -0.300000 2.199115
vt 0.000000 2.199115
vt -0.300000 2.565634
vt 0.000000 2.565634
vt -0.300000 2.932153
vt 0.000000 2.932153
vt -0.300000 3.298672
vt -0.300000 3.665191
vt 0.000000 3.665191
vt -0.300000 4.031711
vt 0.000000 4.031711
vt -0.300000 4.398230
vt 0.000000 4.398230
vt -0.300000 4.764749
vt 0.000000 4.764749
vt -0.300000 5.131268
vt 0.000000 5.131268
vt -0.300000 5.497787
vt 0.000000 5.497787
vt -0.300000 5.864306
vt 0.000000 5.864306
vt -0.300000 6.230825
vt 0.000000 6.230825
vt -0.300000 6.597344
vt -0.300000 6.963864
vt 0.000000 6.963864
vt -0.300000 7.330383
vt 0.000000 7.330383
vt -0.300000 7.696902
vt 0.000000 7.696902
vt -0.300000 8.063421
vt 0.000000 8.063421
vt -0.300000 8.429940
vt 0.000000 8.429940
vt -0.300000 8.796459
vt 0.000000 8.796459
vt -0.300000 9.162978
vt 0.000000 9.162978
vt -0.300000 9.529498
vt 0.000000 9.529498
vt -0.300000 9.896017
vt -0.300000 10.262536
vt 0.000000 10.262536
vt -0.300000 10.629055
vt 0.000000 10.629055
vt -0.300000 10.995574
vt 0.000000 10.995574
vt 2.083156 -1.695261
vt 1.856203 -1.929042
vt 2.577904 -0.857554
vt 2.446557 -1.155730
vt 2.280866 -1.436279
vt 2.750000 0.100000
vt 2.730698 -0.225251
vt 2.673063 -0.545937
vt 2.730698 0.425251
vt 2.673063 0.745937
vt 2.577904 1.057554
vt 2.446557 1.355730
vt 2.280866 1.636279
vt 2.083156 1.895261
vt 1.856203 2.129041
vt 1.603194 2.334339
vt 1.327679 2.508271
vt 1.033526 2.648396
vt 0.724865 2.752748
vt 0.406028 2.819860
vt 0.081492 2.848792
vt -0.244189 2.839137
vt -0.566441 2.791030
vt -0.880742 2.705148
vt -1.182679 2.582694
vt -1.468014 2.425389
vt -1.732742 2.235441
vt -1.973145 2.015515
vt -2.185850 1.768700
vt -2.367870 1.498461
vt -2.516650 1.208589
vt -2.630103 0.903156
vt -2.706634 0.586448
vt -2.745170 0.262912
vt -2.745170 -0.062912
vt -2.706634 -0.386448
vt -2.630103 -0.703156
vt -2.516650 -1.008589
vt -2.367870 -1.298461
vt -2.185850 -1.568700
vt -1.973145 -1.815515
vt -1.732742 -2.035441
vt -1.468014 -2.225389
vt -1.182679 -2.382694
vt -0.880742 -2.505147
vt -0.566441 -2.591030
vt -0.244189 -2.639137
vt 0.081492 -2.648792
vt 0.406028 -2.619860
vt 0.724865 -2.552748
vt 1.033526 -2.448396
vt 1.327679 -2.308271
vt 1.603194 -2.134339
vt 0.300000 -8.319403
vt 0.000000 -8.319403
vt 0.300000 8.319403
vt 0.000000 8.319403
vt 0.300000 7.999426
vt 0.000000 7.999426
vt 0.300000 7.679449
vt 0.000000 7.679449
vt 0.300000 7.359472
vt 0.000000 7.359472
vt 0.300000 7.039495
vt 0.000000 7.039495
vt 0.300000 6.719518
vt 0.000000 6.719518
vt 0.300000 6.399540
vt 0.000000 6.399540
vt 0.300000 6.079564
vt 0.000000 6.079564
vt 0.300000 5.759586
vt 0.000000 5.759586
vt 0.300000 5.439610
vt 0.000000 5.439610
vt 0.300000 5.119632
vt 0.000000 5.119632
vt 0.300000 4.799655
vt 0.000000 4.799655
vt 0.300000 4.479679
vt 0.000000 4.479679
vt 0.300000 4.159701
vt 0.000000 4.159701
vt 0.300000 3.839724
vt 0.000000 3.839724
vt 0.300000 3.519747
vt 0.000000 3.519747
vt 0.300000 3.199770
vt 0.000000 3.199770
vt 0.300000 2.879793
vt 0.000000 2.879793
vt 0.300000 2.559816
vt 0.000000 2.559816
vt 0.300000 2.239839
vt 0.000000 2.239839
vt 0.300000 1.919862
vt 0.000000 1.919862
vt 0.300000 1.599885
vt 0.000000 1.599885
vt 0.300000 1.279908
vt 0.000000 1.279908
vt 0.300000 0.959931
vt 0.000000 0.959931
vt 0.300000 0.639954
vt 0.000000 0.639954
vt 0.300000 0.319977
vt 0.000000 0.319977
vt 0.300000 0.000000
vt 0.300000 -0.319977
vt 0.000000 -0.319977
vt 0.300000 -0.639954
vt 0.000000 -0.639954
vt 0.300000 -0.959931
vt 0.000000 -0.959931
vt 0.300000 -1.279908
vt 0.000000 -1.279908
vt 0.300000 -1.599885
vt 0.000000 -1.599885
vt 0.300000 -1.919862
vt 0.000000 -1.919862
vt 0.300000 -2.239839
vt 0.000000 -2.239839
vt 0.300000 -2.559816
vt 0.000000 -2.559816
vt 0.300000 -2.879793
vt 0.000000 -2.879793
vt 0.300000 -3.199770
vt 0.000000 -3.199770
vt 0.300000 -3.519747
vt 0.000000 -3.519747
vt 0.300000 -3.839724
vt 0.000000 -3.839724
vt 0.300000 -4.159701
vt 0.000000 -4.159701
vt 0.300000 -4.479679
vt 0.000000 -4.479679
vt 0.300000 -4.799655
vt 0.000000 -4.799655
vt 0.300000 -5.119632
vt 0.000000 -5.119632
vt 0.300000 -5.439610
vt 0.000000 -5.439610
vt 0.300000 -5.759586
vt 0.000000 -5.759586
vt 0.300000 -6.079564
vt 0.000000 -6.079564
vt 0.300000 -6.399540
vt 0.000000 -6.399540
vt 0.300000 -6.719518
vt 0.000000 -6.719518
vt 0.300000 -7.039495
vt 0.000000 -7.039495
vt 0.300000 -7.359472
vt 0.000000 -7.359472
vt 0.300000 -7.679449
vt 0.000000 -7.679449
vt 0.300000 -7.999426
vt 0.000000 -7.999426
vt 0.300000 0.300000
vt 4.000000 0.000000
vt 4.000000 0.300000
vt 6.160000 0.000000
vt 6.160000 0.300000
vt -0.319256 -2.731405
vt -2.000000 -3.380000
vt 2.000000 -3.380000
vt 0.319256 -2.731405
vt 0.634194 -2.675873
vt 0.940555 -2.584155
vt 2.000000 -3.080000
vt 1.234198 -2.457490
vt 1.511150 -2.297591
vt 1.767666 -2.106622
vt 2.000278 -1.887164
vt 3.500000 -3.080000
vt 2.205839 -1.642186
vt 2.381570 -1.375000
vt 2.525094 -1.089219
vt 2.634471 -0.788709
vt 2.708221 -0.477532
vt 2.745347 -0.159898
vt 2.745347 0.159898
vt 3.500000 3.080000
vt 2.708221 0.477532
vt 2.634471 0.788709
vt 2.525094 1.089219
vt 2.381570 1.375000
vt 2.205839 1.642186
vt 2.000278 1.887164
vt 2.000000 3.080000
vt 1.767666 2.106622
vt 1.511150 2.297591
vt 1.234198 2.457490
vt 0.940555 2.584155
vt 2.000000 3.380000
vt 0.634194 2.675873
vt 0.319256 2.731405
vt -2.000000 3.380000
vt -0.319256 2.731405
vt -0.634194 2.675873
vt -0.940555 2.584155
vt -2.000000 3.080000
vt -1.234198 2.457490
vt -1.511150 2.297591
vt -1.767666 2.106622
vt -2.000278 1.887164
vt -3.500000 3.080000
vt -2.205839 1.642186
vt -2.381570 1.375000
vt -2.525094 1.089219
vt -2.634471 0.788709
vt -2.708221 0.477532
vt -2.745347 0.159898
vt -3.500000 -3.080000
vt -2.745347 -0.159898
vt -2.708221 -0.477532
vt -2.634471 -0.788709
vt -2.525094 -1.089219
vt -2.381570 -1.375000
vt -2.205839 -1.642186
vt -2.000278 -1.887164
vt -2.000000 -3.080000
vt -1.767666 -2.106622
vt -1.511150 -2.297591
vt -1.234198 -2.457490
vt -0.940555 -2.584155
vt -0.634194 -2.675873
vt 2.731405 -0.319256
vt 3.380000 -2.000000
vt 3.380000 2.000000
vt 2.731405 0.319256
vt 2.675873 0.634194
vt 2.584155 0.940555
vt 3.080000 2.000000
vt 2.457490 1.234198
vt 2.297591 1.511150
vt 2.106622 1.767666
vt 1.887164 2.000278
vt 3.080000 3.500000
vt 1.642186 2.205839
vt 1.375000 2.381570
vt 1.089219 2.525094
vt 0.788709 2.634471
vt 0.477532 2.708221
vt 0.159898 2.745347
vt -3.080000 3.500000
vt -0.159898 2.745347
vt -0.477532 2.708221
vt -0.788709 2.634471
vt -1.089219 2.525094
vt -1.375000 2.381570
vt -1.642186 2.205839
vt -1.887164 2.000278
vt -3.080000 2.000000
vt -2.106622 1.767666
vt -2.297591 1.511150
vt -2.457490 1.234198
vt -2.584155 0.940555
vt -3.380000 2.000000
vt -2.675873 0.634194
vt -2.731405 0.319256
vt -3.380000 -2.000000
vt -2.731405 -0.319256
vt -2.675873 -0.634194
vt -2.584155 -0.940555
vt -3.080000 -2.000000
vt -2.457490 -1.234198
vt -2.297591 -1.511150
vt -2.106622 -1.767666
vt -1.887164 -2.000278
vt -3.080000 -3.500000
vt -1.642186 -2.205839
vt -1.375000 -2.381570
vt -1.089219 -2.525094
vt -0.788709 -2.634471
vt -0.477532 -2.708221
vt -0.159898 -2.745347
vt 3.080000 -3.500000
vt 0.159898 -2.745347
vt 0.477532 -2.708221
vt 0.788709 -2.634471
vt 1.089219 -2.525094
vt 1.375000 -2.381570
vt 1.642186 -2.205839
vt 1.887164 -2.000278
vt 3.080000 -2.000000
vt 2.106622 -1.767666
vt 2.297591 -1.511150
vt 2.457490 -1.234198
vt 2.584155 -0.940555
vt 2.675873 -0.634194
vt 0.050000 -0.307178
vt -0.200000 -0.307178
vt 0.050000 -0.345575
vt -0.200000 -0.345575
vt 0.050000 0.345575
vt -0.200000 0.345575
vt 0.050000 0.307178
vt -0.200000 0.307178
vt 0.050000 0.268781
vt -0.200000 0.268781
vt 0.050000 0.230383
vt -0.200000 0.230383
vt 0.050000 0.191986
vt -0.200000 0.191986
vt 0.050000 0.153589
vt -0.200000 0.153589
vt 0.050000 0.115192
vt -0.200000 0.115192
vt 0.050000 0.076794
vt -0.200000 0.076794
vt 0.050000 0.038397
vt -0.200000 0.038397
vt 0.050000 0.000000
vt -0.200000 0.000000
vt 0.050000 -0.038397
vt -0.200000 -0.038397
vt 0.050000 -0.076794
vt -0.200000 -0.076794
vt 0.050000 -0.115192
vt -0.200000 -0.115192
vt 0.050000 -0.153589
vt -0.200000 -0.153589
vt 0.050000 -0.191986
vt -0.200000 -0.191986
vt 0.050000 -0.230383
vt -0.200000 -0.230383
vt 0.050000 -0.268781
vt -0.200000 -0.268781
vt 0.250000 0.036382
vt 0.000000 0.036382
vt 0.250000 0.021829
vt 0.000000 0.021829
vt 0.250000 0.007276
vt 0.000000 0.007276
vt 0.250000 -0.007276
vt 0.000000 -0.007276
vt 0.250000 -0.021829
vt 0.000000 -0.021829
vt 0.250000 -0.036382
vt 0.000000 -0.036382
vt 0.304477 0.000000
vt 0.044134 0.250000
vt 0.304477 0.250000
vt -0.250000 0.036382
vt -0.250000 0.021829
vt -0.250000 0.007276
vt -0.250000 -0.007276
vt -0.250000 -0.021829
vt -0.250000 -0.036382
vt 0.260344 0.250000
vt 0.000000 0.250000
vt -0.250000 0.081812
vt 0.000000 0.081812
vt -0.250000 0.163625
vt 0.000000 0.163625
vt -0.250000 0.245437
vt 0.000000 0.245437
vt -0.250000 0.327250
vt 0.000000 0.327250
vt -0.250000 0.409062
vt 0.000000 0.409062
vt -0.250000 0.490874
vt 0.000000 0.490874
vt -0.250000 0.572687
vt 0.000000 0.572687
vt -0.250000 0.654499
vt 0.000000 0.654499
vt 0.250000 -2.983746
vt 0.000000 -2.983746
vt 0.250000 -3.265276
vt 0.000000 -3.265276
vt 0.250000 -3.546806
vt 0.000000 -3.546806
vt 0.250000 -3.828336
vt 0.000000 -3.828336
vt 0.250000 -4.109867
vt 0.000000 -4.109867
vt 0.250000 -4.391397
vt 0.000000 -4.391397
vt 0.250000 -4.672927
vt 0.000000 -4.672927
vt 0.250000 -4.954457
vt 0.000000 -4.954457
vt 0.250000 -5.235988
vt 0.000000 -5.235988
vt 0.250000 -5.517518
vt 0.000000 -5.517518
vt 0.250000 -5.799048
vt 0.000000 -5.799048
vt 0.250000 -6.080578
vt 0.000000 -6.080578
vt 0.250000 -6.362109
vt 0.000000 -6.362109
vt 0.250000 -6.643639
vt 0.000000 -6.643639
vt 0.250000 -6.925169
vt 0.000000 -6.925169
vt 0.250000 -7.206699
vt 0.000000 -7.206699
vt 0.250000 -7.488230
vt 0.000000 -7.488230
vt 0.000000 2.983746
vt 0.250000 2.983746
vt 0.000000 3.265276
vt 0.250000 3.265276
vt 0.000000 3.546806
vt 0.250000 3.546806
vt 0.000000 3.828336
vt 0.250000 3.828336
vt 0.000000 4.109867
vt 0.250000 4.109867
vt 0.000000 4.391397
vt 0.250000 4.391397
vt 0.000000 4.672927
vt 0.250000 4.672927
vt 0.000000 4.954457
vt 0.250000 4.954457
vt 0.000000 5.235988
vt 0.250000 5.235988
vt 0.000000 5.517518
vt 0.250000 5.517518
vt 0.000000 5.799048
vt 0.250000 5.799048
vt 0.000000 6.080578
vt 0.250000 6.080578
vt 0.000000 6.362109
vt 0.250000 6.362109
vt 0.000000 6.643639
vt 0.250000 6.643639
vt 0.000000 6.925169
vt 0.250000 6.925169
vt 0.000000 7.206699
vt 0.250000 7.206699
vt 0.000000 7.488230
vt 0.250000 7.488230
vt 0.250000 2.252242
vt 0.000000 2.252242
vt 0.250000 1.970712
vt 0.000000 1.970712
vt 0.250000 1.689181
vt 0.000000 1.689181
vt 0.250000 1.407651
vt 0.000000 1.407651
vt 0.250000 1.126121
vt 0.000000 1.126121
vt 0.250000 0.844591
vt 0.000000 0.844591
vt 0.250000 0.563060
vt 0.000000 0.563060
vt 0.250000 0.281530
vt 0.000000 0.281530
vt 0.250000 0.000000
vt 0.250000 -0.281530
vt 0.000000 -0.281530
vt 0.250000 -0.563060
vt 0.000000 -0.563060
vt 0.250000 -0.844591
vt 0.000000 -0.844591
vt 0.250000 -1.126121
vt 0.000000 -1.126121
vt 0.250000 -1.407651
vt 0.000000 -1.407651
vt 0.250000 -1.689181
vt 0.000000 -1.689181
vt 0.250000 -1.970712
vt 0.000000 -1.970712
vt 0.250000 -2.252242
vt 0.000000 -2.252242
vt -0.250000 9.110619
vt 0.000000 9.110619
vt -0.250000 9.424778
vt 0.000000 9.424778
vt -0.250000 -9.424778
vt 0.000000 -9.424778
vt -0.250000 -9.110619
vt 0.000000 -9.110619
vt -0.250000 -8.796459
vt 0.000000 -8.796459
vt -0.250000 -8.482300
vt 0.000000 -8.482300
vt -0.250000 -8.168141
vt 0.000000 -8.168141
vt -0.250000 -7.853981
vt -0.250000 -7.539823
vt 0.000000 -7.539823
vt -0.250000 -7.225663
vt 0.000000 -7.225663
vt -0.250000 -6.911504
vt 0.000000 -6.911504
vt -0.250000 -6.597344
vt -0.250000 -6.283185
vt 0.000000 -6.283185
vt -0.250000 -5.969026
vt 0.000000 -5.969026
vt -0.250000 -5.654867
vt 0.000000 -5.654867
vt -0.250000 -5.340707
vt 0.000000 -5.340707
vt -0.250000 -5.026548
vt 0.000000 -5.026548
vt -0.250000 -4.712389
vt 0.000000 -4.712389
vt -0.250000 -4.398230
vt 0.000000 -4.398230
vt -0.250000 -4.084071
vt 0.000000 -4.084071
vt -0.250000 -3.769911
vt 0.000000 -3.769911
vt -0.250000 -3.455752
vt 0.000000 -3.455752
vt -0.250000 -3.141593
vt 0.000000 -3.141593
vt -0.250000 -2.827433
vt 0.000000 -2.827433
vt -0.250000 -2.513274
vt 0.000000 -2.513274
vt -0.250000 -2.199115
vt 0.000000 -2.199115
vt -0.250000 -1.884956
vt 0.000000 -1.884956
vt -0.250000 -1.570796
vt 0.000000 -1.570796
vt -0.250000 -1.256637
vt 0.000000 -1.256637
vt -0.250000 -0.942478
vt 0.000000 -0.942478
vt -0.250000 -0.628319
vt 0.000000 -0.628319
vt -0.250000 -0.314159
vt 0.000000 -0.314159
vt -0.250000 0.314159
vt 0.000000 0.314159
vt -0.250000 0.628319
vt 0.000000 0.628319
vt -0.250000 0.942478
vt 0.000000 0.942478
vt -0.250000 1.256637
vt 0.000000 1.256637
vt -0.250000 1.570796
vt 0.000000 1.570796
vt -0.250000 1.884956
vt 0.000000 1.884956
vt -0.250000 2.199115
vt -0.250000 2.513274
vt 0.000000 2.513274
vt -0.250000 2.827433
vt 0.000000 2.827433
vt -0.250000 3.141593
vt 0.000000 3.141593
vt -0.250000 3.455752
vt 0.000000 3.455752
vt -0.250000 3.769911
vt 0.000000 3.769911
vt -0.250000 4.084071
vt 0.000000 4.084071
vt -0.250000 4.398230
vt -0.250000 4.712389
vt 0.000000 4.712389
vt -0.250000 5.026548
vt 0.000000 5.026548
vt -0.250000 5.340707
vt 0.000000 5.340707
vt -0.250000 5.654867
vt 0.000000 5.654867
vt -0.250000 5.969026
vt 0.000000 5.969026
vt -0.250000 6.283185
vt 0.000000 6.283185
vt -0.250000 6.597344
vt -0.250000 6.911504
vt 0.000000 6.911504
vt -0.250000 7.225663
vt 0.000000 7.225663
vt -0.250000 7.539823
vt 0.000000 7.539823
vt -0.250000 7.853981
vt -0.250000 8.168141
vt 0.000000 8.168141
vt -0.250000 8.482300
vt 0.000000 8.482300
vt -0.250000 8.796459
vt 1.040735 1.877851
vt 0.937040 1.783721
vt 1.070000 1.853294
vt 1.000000 1.732051
vt 1.076227 1.703361
vt 0.894030 1.852887
vt 1.021634 1.910935
vt 0.875535 1.932207
vt 1.015000 1.948557
vt 0.883519 2.013263
vt 1.021634 1.986179
vt 1.040735 2.019264
vt 1.070000 2.043820
vt 1.105899 2.056886
vt 1.144101 2.056886
vt 1.500000 2.598076
vt 1.220210 2.740636
vt 1.180000 2.043820
vt 1.209265 2.019264
vt 1.228366 1.986179
vt 1.235000 1.948557
vt 1.228366 1.910935
vt 1.209265 1.877851
vt 1.180000 1.853294
vt 1.235572 1.724339
vt 1.144101 1.840228
vt 1.157631 1.700696
vt 1.105899 1.840228
vt 1.105899 -1.840228
vt 1.076228 -1.703361
vt 1.070000 -1.853294
vt 1.000000 -1.732051
vt 0.937040 -1.783720
vt 1.157632 -1.700696
vt 1.144101 -1.840228
vt 1.235573 -1.724339
vt 1.180000 -1.853294
vt 1.301777 -1.771781
vt 1.209265 -1.877851
vt 1.228366 -1.910935
vt 1.235000 -1.948557
vt 1.228366 -1.986179
vt 1.209265 -2.019264
vt 1.500000 -2.598076
vt 1.763356 -2.427051
vt 1.180000 -2.043820
vt 1.144101 -2.056886
vt 1.105899 -2.056886
vt 1.070000 -2.043820
vt 1.040735 -2.019264
vt 1.021634 -1.986179
vt 1.015000 -1.948557
vt 0.875535 -1.932206
vt 1.021634 -1.910935
vt 0.894030 -1.852886
vt 1.040735 -1.877851
vt -2.146634 -0.037622
vt -2.013268 -0.080360
vt -2.140000 0.000000
vt -2.000000 -0.000000
vt -2.013267 0.080360
vt -2.051662 -0.152191
vt -2.165735 -0.070707
vt -2.111108 -0.207868
vt -2.195000 -0.095263
vt -2.185296 -0.241482
vt -2.230899 -0.108329
vt -2.269101 -0.108329
vt -2.305000 -0.095263
vt -2.334265 -0.070707
vt -2.353366 -0.037622
vt -3.000000 0.000000
vt -2.983566 -0.313585
vt -2.360000 0.000000
vt -2.353366 0.037622
vt -2.334265 0.070707
vt -2.305000 0.095263
vt -2.269101 0.108329
vt -2.230899 0.108329
vt -2.195000 0.095263
vt -2.111107 0.207867
vt -2.165735 0.070707
vt -2.051661 0.152190
vt -2.146634 0.037622
vt -2.934443 0.623735
vt -2.983566 0.313585
vt -2.853169 0.927051
vt -2.740636 1.220210
vt -2.598076 1.500000
vt -2.427051 1.763356
vt -2.229434 2.007392
vt -2.007392 2.229434
vt -1.763356 2.427051
vt -1.500000 2.598076
vt -1.220210 2.740636
vt -0.927051 2.853169
vt -0.623735 2.934443
vt -0.313585 2.983566
vt 0.000000 3.000000
vt 0.313585 2.983566
vt 0.623735 2.934443
vt 0.927051 2.853169
vt 1.763356 2.427051
vt 2.007392 2.229434
vt 2.229434 2.007392
vt 2.427051 1.763356
vt 2.598076 1.500000
vt 2.740636 1.220210
vt 2.853169 0.927051
vt 2.934443 0.623735
vt 2.983566 0.313585
vt 3.000000 0.000000
vt 2.983566 -0.313585
vt 2.934443 -0.623735
vt 2.853169 -0.927051
vt 2.740636 -1.220210
vt 2.598076 -1.500000
vt 2.427051 -1.763356
vt 2.229434 -2.007392
vt 2.007392 -2.229434
vt 1.220210 -2.740636
vt 0.927051 -2.853169
vt 0.623735 -2.934443
vt 0.313585 -2.983566
vt 0.000000 -3.000000
vt -0.313585 -2.983566
vt -0.623735 -2.934443
vt -0.927051 -2.853169
vt -1.220210 -2.740636
vt -1.500000 -2.598076
vt -1.763356 -2.427051
vt -2.007392 -2.229434
vt -2.229434 -2.007392
vt -2.427051 -1.763356
vt -2.598076 -1.500000
vt -2.740636 -1.220210
vt -2.853169 -0.927051
vt -2.934443 -0.623735
vt -1.209265 2.019264
vt -1.180000 2.043820
vt -1.144101 2.056886
vt -0.950061 2.293419
vt -0.952583 2.279138
vt -0.950900 2.264735
vt -1.105899 2.056886
vt -1.070000 2.043820
vt -1.040735 2.019264
vt -0.883519 2.013263
vt -1.021634 1.986179
vt -1.015000 1.948557
vt -0.875535 1.932207
vt -1.021634 1.910935
vt -0.894030 1.852887
vt -1.040735 1.877851
vt -0.937040 1.783721
vt -1.070000 1.853294
vt -1.000000 1.732051
vt -1.076227 1.703361
vt -1.105899 1.840228
vt -1.157631 1.700696
vt -1.144101 1.840228
vt -1.235572 1.724339
vt -1.180000 1.853294
vt -1.301777 1.771780
vt -1.209265 1.877851
vt -1.228366 1.910935
vt -1.485868 1.955871
vt -1.235000 1.948557
vt -1.228366 1.986179
vt -1.497500 1.964530
vt -1.511129 1.969486
vt -1.144101 -2.056886
vt -1.180000 -2.043820
vt -1.209265 -2.019264
vt -1.511129 -1.969486
vt -1.497500 -1.964530
vt -1.485868 -1.955871
vt -1.228366 -1.986179
vt -1.235000 -1.948557
vt -1.228366 -1.910935
vt -1.301777 -1.771781
vt -1.209265 -1.877851
vt -1.180000 -1.853294
vt -1.235573 -1.724339
vt -1.144101 -1.840228
vt -1.157632 -1.700696
vt -1.105899 -1.840228
vt -1.076228 -1.703361
vt -1.070000 -1.853294
vt -1.000000 -1.732051
vt -0.937040 -1.783720
vt -1.040735 -1.877851
vt -0.894030 -1.852886
vt -1.021634 -1.910935
vt -0.875535 -1.932206
vt -1.015000 -1.948557
vt -0.883519 -2.013262
vt -1.021634 -1.986179
vt -1.040735 -2.019264
vt -0.950900 -2.264735
vt -1.070000 -2.043820
vt -1.105899 -2.056886
vt -0.952583 -2.279138
vt -0.950061 -2.293419
vt 2.353366 0.037622
vt 2.360000 0.000000
vt 2.353366 -0.037622
vt 2.461190 -0.323933
vt 2.450083 -0.314608
vt 2.436768 -0.308863
vt 2.334265 -0.070707
vt 2.305000 -0.095263
vt 2.269101 -0.108329
vt 2.185296 -0.241482
vt 2.230899 -0.108329
vt 2.195000 -0.095263
vt 2.111108 -0.207868
vt 2.165735 -0.070707
vt 2.051662 -0.152191
vt 2.146634 -0.037622
vt 2.013268 -0.080360
vt 2.140000 0.000000
vt 2.000000 -0.000000
vt 2.013267 0.080360
vt 2.146634 0.037622
vt 2.051661 0.152190
vt 2.165735 0.070707
vt 2.111107 0.207867
vt 2.195000 0.095263
vt 2.185295 0.241481
vt 2.230899 0.108329
vt 2.269101 0.108329
vt 2.436768 0.308863
vt 2.305000 0.095263
vt 2.334265 0.070707
vt 2.450083 0.314608
vt 2.461190 0.323933
vt 2.473304 0.349947
vt 2.473293 0.364449
vt 2.416672 0.640075
vt 2.329437 0.907592
vt 2.212692 1.163612
vt 2.067917 1.404891
vt 1.896945 1.628373
vt 1.701943 1.831227
vt 1.485380 2.010882
vt 1.250000 2.165064
vt 2.469153 0.336052
vt 2.469153 -0.336052
vt 2.473304 -0.349947
vt 2.473293 -0.364449
vt 2.416672 -0.640075
vt 2.329437 -0.907592
vt 2.212692 -1.163612
vt 2.067917 -1.404891
vt 1.896945 -1.628373
vt 1.701943 -1.831227
vt 1.485380 -2.010882
vt 1.250000 -2.165064
vt 0.998785 -2.291818
vt 0.734918 -2.389539
vt 0.461740 -2.456989
vt 0.182713 -2.493314
vt -0.098629 -2.498054
vt -0.378721 -2.471148
vt -0.654015 -2.412937
vt -0.921025 -2.324159
vt -0.933589 -2.316918
vt -0.943547 -2.306376
vt -1.525606 -1.970323
vt -1.539715 -1.966971
vt -1.552268 -1.959710
vt -1.762657 -1.772862
vt -1.950716 -1.563556
vt -2.114064 -1.334442
vt -2.250630 -1.088423
vt -2.358685 -0.828616
vt -2.436860 -0.558312
vt -2.484165 -0.280936
vt -2.500000 0.000000
vt -2.484165 0.280936
vt -2.436860 0.558312
vt -2.358685 0.828616
vt -2.250630 1.088423
vt -2.114064 1.334442
vt -1.950716 1.563556
vt -1.762657 1.772862
vt -1.552268 1.959710
vt -1.539715 1.966971
vt -1.525606 1.970323
vt -0.943547 2.306376
vt -0.933589 2.316918
vt -0.921025 2.324159
vt -0.654015 2.412937
vt -0.378721 2.471148
vt -0.098629 2.498054
vt 0.182713 2.493314
vt 0.461740 2.456989
vt 0.734918 2.389539
vt 0.998785 2.291818
s 1
usemtl XID_AluminumPolished_FF7A087F397341D1BD3BE7560151450C
f 1/1/1 2/2/2 14/3/3
f 14/3/3 2/2/2 3/4/4
f 14/3/3 3/4/4 13/5/5
f 13/5/5 3/4/4 4/6/6
f 13/5/5 4/6/6 12/7/7
f 12/7/7 4/6/6 5/8/8
f 12/7/7 5/8/8 11/9/9
f 11/9/9 5/8/8 10/10/10
f 10/10/10 5/8/8 6/11/11
f 10/10/10 6/11/11 9/12/12
f 9/12/12 6/11/11 7/13/13
f 9/12/12 7/13/13 8/14/13
f 15/15/14 16/16/15 28/17/16
f 28/17/16 16/16/15 17/18/17
f 28/17/16 17/18/17 27/19/18
f 27/19/18 17/18/17 18/20/19
f 27/19/18 18/20/19 26/21/20
f 26/21/20 18/20/19 25/22/21
f 25/22/21 18/20/19 19/23/22
f 25/22/21 19/23/22 24/24/23
f 24/24/23 19/23/22 20/25/24
f 24/24/23 20/25/24 23/26/25
f 23/26/25 20/25/24 21/27/26
f 23/26/25 21/27/26 22/28/27
f 29/29/28 30/30/28 50/31/29
f 50/31/29 30/30/28 51/32/30
f 50/31/29 51/32/30 49/33/31
f 49/33/31 51/32/30 48/34/32
f 48/34/32 51/32/30 52/35/33
f 48/34/32 52/35/33 47/36/34
f 47/36/34 52/35/33 53/37/35
f 47/36/34 53/37/35 46/38/36
f 46/38/36 53/37/35 54/39/37
f 46/38/36 54/39/37 45/40/38
f 45/40/38 54/39/37 42/41/39
f 45/40/38 42/41/39 44/42/40
f 44/42/40 42/41/39 43/43/41
f 30/30/28 31/44/28 51/32/30
f 51/32/30 31/44/28 55/45/42
f 51/32/30 55/45/42 56/46/43
f 56/46/43 55/45/42 35/47/44
f 56/46/43 35/47/44 36/48/45
f 32/49/28 33/50/46 31/44/28
f 31/44/28 33/50/46 55/45/42
f 33/50/46 34/51/47 55/45/42
f 55/45/42 34/51/47 35/47/44
f 56/46/43 36/48/45 57/52/48
f 57/52/48 36/48/45 37/53/49
f 57/52/48 37/53/49 38/54/50
f 57/52/48 38/54/50 58/55/51
f 58/55/51 38/54/50 39/56/52
f 58/55/51 39/56/52 41/57/53
f 41/57/53 39/56/52 40/58/54
f 58/55/51 41/57/53 54/39/37
f 54/39/37 41/57/53 42/41/39
f 51/32/30 56/46/43 52/35/33
f 52/35/33 56/46/43 57/52/48
f 52/35/33 57/52/48 53/37/35
f 53/37/35 57/52/48 58/55/51
f 53/37/35 58/55/51 54/39/37
f 60/59/55 175/60/56 59/61/57
f 176/62/57 156/63/58 157/64/59
f 176/62/57 157/64/59 111/65/60
f 111/65/60 157/64/59 158/66/61
f 111/65/60 158/66/61 110/67/62
f 110/67/62 158/66/61 159/68/61
f 110/67/62 159/68/61 160/69/63
f 175/60/56 60/59/55 155/70/64
f 155/70/64 60/59/55 61/71/65
f 155/70/64 61/71/65 154/72/64
f 154/72/64 61/71/65 153/73/66
f 153/73/66 61/71/65 62/74/67
f 153/73/66 62/74/67 152/75/68
f 152/75/68 62/74/67 63/76/69
f 152/75/68 63/76/69 151/77/70
f 151/77/70 63/76/69 64/78/71
f 151/77/70 64/78/71 150/79/72
f 150/79/72 64/78/71 65/80/73
f 150/79/72 65/80/73 149/81/74
f 149/81/74 65/80/73 148/82/75
f 148/82/75 65/80/73 66/83/76
f 148/82/75 66/83/76 147/84/77
f 147/84/77 66/83/76 67/85/78
f 147/84/77 67/85/78 146/86/79
f 146/86/79 67/85/78 68/87/80
f 146/86/79 68/87/80 145/88/81
f 145/88/81 68/87/80 69/89/82
f 145/88/81 69/89/82 144/90/83
f 144/90/83 69/89/82 70/91/84
f 144/90/83 70/91/84 143/92/85
f 143/92/85 70/91/84 71/93/86
f 143/92/85 71/93/86 142/94/87
f 142/94/87 71/93/86 72/95/88
f 142/94/87 72/95/88 141/96/89
f 141/96/89 72/95/88 73/97/90
f 141/96/89 73/97/90 140/98/91
f 140/98/91 73/97/90 74/99/92
f 140/98/91 74/99/92 139/100/93
f 139/100/93 74/99/92 75/101/94
f 139/100/93 75/101/94 138/102/95
f 138/102/95 75/101/94 137/103/96
f 137/103/96 75/101/94 76/104/97
f 137/103/96 76/104/97 136/105/98
f 136/105/98 76/104/97 77/106/99
f 136/105/98 77/106/99 135/107/100
f 135/107/100 77/106/99 134/108/101
f 134/108/101 77/106/99 78/109/102
f 134/108/101 78/109/102 133/110/101
f 133/110/101 78/109/102 132/111/103
f 132/111/103 78/109/102 79/112/104
f 132/111/103 79/112/104 131/113/105
f 131/113/105 79/112/104 80/114/106
f 131/113/105 80/114/106 130/115/107
f 130/115/107 80/114/106 81/116/108
f 130/115/107 81/116/108 129/117/109
f 129/117/109 81/116/108 82/118/110
f 129/117/109 82/118/110 128/119/111
f 128/119/111 82/118/110 83/120/112
f 128/119/111 83/120/112 127/121/113
f 127/121/113 83/120/112 84/122/114
f 127/121/113 84/122/114 126/123/115
f 126/123/115 84/122/114 85/124/116
f 126/123/115 85/124/116 125/125/117
f 125/125/117 85/124/116 86/126/118
f 125/125/117 86/126/118 124/127/119
f 124/127/119 86/126/118 87/128/120
f 124/127/119 87/128/120 123/129/121
f 123/129/121 87/128/120 88/130/122
f 123/129/121 88/130/122 122/131/123
f 122/131/123 88/130/122 89/132/124
f 122/131/123 89/132/124 121/133/125
f 121/133/125 89/132/124 90/134/126
f 121/133/125 90/134/126 120/135/127
f 120/135/127 90/134/126 91/136/128
f 120/135/127 91/136/128 119/137/129
f 119/137/129 91/136/128 92/138/130
f 119/137/129 92/138/130 118/139/131
f 118/139/131 92/138/130 93/140/132
f 118/139/131 93/140/132 117/141/26
f 117/141/26 93/140/132 116/142/26
f 116/142/26 93/140/132 94/143/133
f 116/142/26 94/143/133 115/144/134
f 115/144/134 94/143/133 114/145/39
f 114/145/39 94/143/133 95/146/135
f 114/145/39 95/146/135 113/147/1
f 113/147/1 95/146/135 96/148/136
f 113/147/1 96/148/136 112/149/137
f 112/149/137 96/148/136 174/150/138
f 174/150/138 96/148/136 97/151/139
f 174/150/138 97/151/139 173/152/140
f 173/152/140 97/151/139 98/153/141
f 173/152/140 98/153/141 172/154/142
f 172/154/142 98/153/141 99/155/143
f 172/154/142 99/155/143 171/156/144
f 171/156/144 99/155/143 100/157/145
f 171/156/144 100/157/145 170/158/146
f 170/158/146 100/157/145 101/159/147
f 170/158/146 101/159/147 169/160/148
f 169/160/148 101/159/147 102/161/149
f 169/160/148 102/161/149 168/162/150
f 168/162/150 102/161/149 103/163/151
f 168/162/150 103/163/151 167/164/152
f 167/164/152 103/163/151 104/165/153
f 167/164/152 104/165/153 166/166/154
f 166/166/154 104/165/153 105/167/155
f 166/166/154 105/167/155 165/168/156
f 165/168/156 105/167/155 106/169/157
f 165/168/156 106/169/157 164/170/158
f 164/170/158 106/169/157 163/171/159
f 163/171/159 106/169/157 107/172/160
f 163/171/159 107/172/160 162/173/161
f 162/173/161 107/172/160 108/174/162
f 162/173/161 108/174/162 161/175/163
f 161/175/163 108/174/162 109/176/164
f 161/175/163 109/176/164 160/69/63
f 160/69/63 109/176/164 110/67/62
f 177/15/165 178/16/166 190/17/167
f 190/17/167 178/16/166 179/18/168
f 190/17/167 179/18/168 189/19/169
f 189/19/169 179/18/168 180/20/170
f 189/19/169 180/20/170 188/21/171
f 188/21/171 180/20/170 187/22/172
f 187/22/172 180/20/170 181/23/173
f 187/22/172 181/23/173 186/24/174
f 186/24/174 181/23/173 182/25/175
f 186/24/174 182/25/175 185/26/176
f 185/26/176 182/25/175 183/27/95
f 185/26/176 183/27/95 184/28/96
f 191/1/177 192/2/178 204/3/179
f 204/3/179 192/2/178 193/4/180
f 204/3/179 193/4/180 203/5/181
f 203/5/181 193/4/180 194/6/182
f 203/5/181 194/6/182 202/7/183
f 202/7/183 194/6/182 195/8/184
f 202/7/183 195/8/184 201/9/185
f 201/9/185 195/8/184 200/10/186
f 200/10/186 195/8/184 196/11/187
f 200/10/186 196/11/187 199/12/188
f 199/12/188 196/11/187 197/13/189
f 199/12/188 197/13/189 198/14/189
f 205/177/190 206/178/98 226/179/191
f 226/179/191 206/178/98 227/180/192
f 226/179/191 227/180/192 225/181/193
f 225/181/193 227/180/192 228/182/194
f 225/181/193 228/182/194 224/183/195
f 224/183/195 228/182/194 223/184/196
f 223/184/196 228/182/194 229/185/197
f 223/184/196 229/185/197 222/186/198
f 222/186/198 229/185/197 230/187/199
f 222/186/198 230/187/199 221/188/200
f 221/188/200 230/187/199 220/189/201
f 220/189/201 230/187/199 218/190/28
f 220/189/201 218/190/28 219/191/28
f 227/180/192 206/178/98 231/192/202
f 231/192/202 206/178/98 207/193/203
f 231/192/202 207/193/203 210/194/204
f 210/194/204 207/193/203 209/195/205
f 209/195/205 207/193/203 208/196/206
f 210/194/204 211/197/207 231/192/202
f 231/192/202 211/197/207 232/198/208
f 231/192/202 232/198/208 227/180/192
f 227/180/192 232/198/208 228/182/194
f 211/197/207 212/199/209 232/198/208
f 232/198/208 212/199/209 233/200/210
f 232/198/208 233/200/210 228/182/194
f 228/182/194 233/200/210 229/185/197
f 212/199/209 213/201/211 233/200/210
f 233/200/210 213/201/211 234/202/212
f 233/200/210 234/202/212 229/185/197
f 229/185/197 234/202/212 230/187/199
f 213/201/211 214/203/213 234/202/212
f 234/202/212 214/203/213 215/204/214
f 234/202/212 215/204/214 217/205/28
f 217/205/28 215/204/214 216/206/28
f 217/205/28 218/190/28 234/202/212
f 234/202/212 218/190/28 230/187/199
f 236/207/165 237/208/165 235/209/165
f 235/209/165 237/208/165 239/210/165
f 239/210/165 237/208/165 238/211/165
f 241/212/28 255/213/28 240/214/28
f 240/214/28 255/213/28 256/215/28
f 240/214/28 256/215/28 257/216/28
f 242/217/28 253/218/28 241/212/28
f 241/212/28 253/218/28 254/219/28
f 241/212/28 254/219/28 255/213/28
f 243/220/28 269/221/28 242/217/28
f 242/217/28 269/221/28 270/222/28
f 242/217/28 270/222/28 253/218/28
f 244/223/28 267/224/28 243/220/28
f 243/220/28 267/224/28 268/225/28
f 243/220/28 268/225/28 269/221/28
f 245/226/28 265/227/28 244/223/28
f 244/223/28 265/227/28 266/228/28
f 244/223/28 266/228/28 267/224/28
f 265/227/28 245/226/28 264/229/28
f 264/229/28 245/226/28 246/230/28
f 264/229/28 246/230/28 263/231/28
f 263/231/28 246/230/28 247/232/28
f 263/231/28 247/232/28 262/233/28
f 262/233/28 247/232/28 248/234/28
f 262/233/28 248/234/28 249/235/28
f 262/233/28 249/235/28 261/236/28
f 261/236/28 249/235/28 250/237/28
f 261/236/28 250/237/28 260/238/28
f 260/238/28 250/237/28 251/239/28
f 260/238/28 251/239/28 259/240/28
f 259/240/28 251/239/28 252/241/28
f 259/240/28 252/241/28 258/242/28
f 258/242/28 252/241/28 257/216/28
f 257/216/28 252/241/28 240/214/28
f 271/243/189 272/244/189 275/245/189
f 275/245/189 272/244/189 273/246/189
f 275/245/189 273/246/189 274/247/189
f 276/15/215 277/16/216 289/17/217
f 289/17/217 277/16/216 278/18/218
f 289/17/217 278/18/218 288/19/219
f 288/19/219 278/18/218 279/20/220
f 288/19/219 279/20/220 287/21/221
f 287/21/221 279/20/220 286/22/222
f 286/22/222 279/20/220 280/23/223
f 286/22/222 280/23/223 285/24/224
f 285/24/224 280/23/223 281/25/225
f 285/24/224 281/25/225 284/26/226
f 284/26/226 281/25/225 282/27/227
f 284/26/226 282/27/227 283/28/228
f 290/1/229 291/2/230 303/3/231
f 303/3/231 291/2/230 292/4/232
f 303/3/231 292/4/232 302/5/233
f 302/5/233 292/4/232 293/6/234
f 302/5/233 293/6/234 301/7/235
f 301/7/235 293/6/234 294/8/236
f 301/7/235 294/8/236 300/9/237
f 300/9/237 294/8/236 299/10/238
f 299/10/238 294/8/236 295/11/239
f 299/10/238 295/11/239 298/12/240
f 298/12/240 295/11/239 296/13/241
f 298/12/240 296/13/241 297/14/242
f 304/248/243 305/249/244 325/250/245
f 325/250/245 305/249/244 326/251/246
f 325/250/245 326/251/246 324/252/247
f 324/252/247 326/251/246 327/253/248
f 324/252/247 327/253/248 323/254/249
f 323/254/249 327/253/248 322/255/250
f 322/255/250 327/253/248 328/256/251
f 322/255/250 328/256/251 321/257/252
f 321/257/252 328/256/251 329/258/253
f 321/257/252 329/258/253 320/259/254
f 320/259/254 329/258/253 319/260/255
f 319/260/255 329/258/253 317/261/256
f 319/260/255 317/261/256 318/262/256
f 326/251/246 305/249/244 330/263/257
f 330/263/257 305/249/244 306/264/58
f 330/263/257 306/264/58 309/265/258
f 309/265/258 306/264/58 308/266/259
f 308/266/259 306/264/58 307/267/260
f 309/265/258 310/268/261 330/263/257
f 330/263/257 310/268/261 331/269/262
f 330/263/257 331/269/262 326/251/246
f 326/251/246 331/269/262 327/253/248
f 310/268/261 311/270/263 331/269/262
f 331/269/262 311/270/263 332/271/264
f 331/269/262 332/271/264 327/253/248
f 327/253/248 332/271/264 328/256/251
f 311/270/263 312/272/265 332/271/264
f 332/271/264 312/272/265 333/273/266
f 332/271/264 333/273/266 328/256/251
f 328/256/251 333/273/266 329/258/253
f 312/272/265 313/274/267 333/273/266
f 333/273/266 313/274/267 314/275/268
f 333/273/266 314/275/268 316/276/28
f 316/276/28 314/275/268 315/277/256
f 316/276/28 317/261/256 333/273/266
f 333/273/266 317/261/256 329/258/253
f 335/207/215 336/208/215 334/209/215
f 334/209/215 336/208/215 338/210/215
f 338/210/215 336/208/215 337/211/215
f 340/212/28 354/213/28 339/214/28
f 339/214/28 354/213/28 355/215/28
f 339/214/28 355/215/28 356/216/28
f 341/217/28 352/218/28 340/212/28
f 340/212/28 352/218/28 353/219/28
f 340/212/28 353/219/28 354/213/28
f 342/220/28 368/221/28 341/217/28
f 341/217/28 368/221/28 369/222/28
f 341/217/28 369/222/28 352/218/28
f 343/223/28 366/224/28 342/220/28
f 342/220/28 366/224/28 367/225/28
f 342/220/28 367/225/28 368/221/28
f 344/226/28 364/227/28 343/223/28
f 343/223/28 364/227/28 365/228/28
f 343/223/28 365/228/28 366/224/28
f 364/227/28 344/226/28 363/229/28
f 363/229/28 344/226/28 345/230/28
f 363/229/28 345/230/28 362/231/28
f 362/231/28 345/230/28 346/232/28
f 362/231/28 346/232/28 361/233/28
f 361/233/28 346/232/28 347/234/28
f 361/233/28 347/234/28 348/235/28
f 361/233/28 348/235/28 360/236/28
f 360/236/28 348/235/28 349/237/28
f 360/236/28 349/237/28 359/238/28
f 359/238/28 349/237/28 350/239/28
f 359/238/28 350/239/28 358/240/28
f 358/240/28 350/239/28 351/241/28
f 358/240/28 351/241/28 357/242/28
f 357/242/28 351/241/28 356/216/28
f 356/216/28 351/241/28 339/214/28
f 370/243/242 371/244/242 374/245/242
f 374/245/242 371/244/242 372/246/242
f 374/245/242 372/246/242 373/247/242
f 376/278/269 401/279/269 375/280/270
f 375/280/270 401/279/269 412/281/270
f 411/282/270 402/283/270 392/284/271
f 392/284/271 402/283/270 403/285/271
f 392/284/271 403/285/271 391/286/272
f 391/286/272 403/285/271 404/287/272
f 391/286/272 404/287/272 390/288/79
f 390/288/79 404/287/272 405/289/79
f 390/288/79 405/289/79 389/290/273
f 389/290/273 405/289/79 406/291/273
f 389/290/273 406/291/273 388/292/274
f 388/292/274 406/291/273 407/293/274
f 388/292/274 407/293/274 387/294/57
f 387/294/57 407/293/274 408/295/57
f 387/294/57 408/295/57 386/296/275
f 386/296/275 408/295/57 409/297/275
f 386/296/275 409/297/275 385/298/276
f 385/298/276 409/297/275 410/299/276
f 385/298/276 410/299/276 384/300/152
f 384/300/152 410/299/276 393/301/152
f 384/300/152 393/301/152 383/302/277
f 383/302/277 393/301/152 394/303/277
f 383/302/277 394/303/277 382/304/278
f 382/304/278 394/303/277 395/305/278
f 382/304/278 395/305/278 381/306/279
f 381/306/279 395/305/278 396/307/279
f 381/306/279 396/307/279 380/308/280
f 380/308/280 396/307/279 397/309/280
f 380/308/280 397/309/280 379/310/281
f 379/310/281 397/309/280 398/311/281
f 379/310/281 398/311/281 378/312/117
f 378/312/117 398/311/281 399/313/117
f 378/312/117 399/313/117 377/314/282
f 377/314/282 399/313/117 400/315/282
f 377/314/282 400/315/282 376/278/269
f 376/278/269 400/315/282 401/279/269
f 414/278/278 439/279/278 413/280/279
f 413/280/279 439/279/278 450/281/279
f 449/282/279 440/283/279 430/284/280
f 430/284/280 440/283/279 441/285/280
f 430/284/280 441/285/280 429/286/281
f 429/286/281 441/285/280 442/287/281
f 429/286/281 442/287/281 428/288/117
f 428/288/117 442/287/281 443/289/117
f 428/288/117 443/289/117 427/290/282
f 427/290/282 443/289/117 444/291/282
f 427/290/282 444/291/282 426/292/269
f 426/292/269 444/291/282 445/293/269
f 426/292/269 445/293/269 425/294/270
f 425/294/270 445/293/269 446/295/270
f 425/294/270 446/295/270 424/296/271
f 424/296/271 446/295/270 447/297/271
f 424/296/271 447/297/271 423/298/272
f 423/298/272 447/297/271 448/299/272
f 423/298/272 448/299/272 422/300/79
f 422/300/79 448/299/272 431/301/79
f 422/300/79 431/301/79 421/302/273
f 421/302/273 431/301/79 432/303/273
f 421/302/273 432/303/273 420/304/274
f 420/304/274 432/303/273 433/305/274
f 420/304/274 433/305/274 419/306/57
f 419/306/57 433/305/274 434/307/57
f 419/306/57 434/307/57 418/308/275
f 418/308/275 434/307/57 435/309/275
f 418/308/275 435/309/275 417/310/276
f 417/310/276 435/309/275 436/311/276
f 417/310/276 436/311/276 416/312/152
f 416/312/152 436/311/276 437/313/152
f 416/312/152 437/313/152 415/314/277
f 415/314/277 437/313/152 438/315/277
f 415/314/277 438/315/277 414/278/278
f 414/278/278 438/315/277 439/279/278
f 468/316/189 451/317/189 467/318/283
f 467/318/283 451/317/189 452/319/283
f 467/318/283 452/319/283 466/320/284
f 466/320/284 452/319/283 453/321/284
f 466/320/284 453/321/284 465/322/285
f 465/322/285 453/321/284 454/323/285
f 465/322/285 454/323/285 464/324/270
f 464/324/270 454/323/285 455/325/270
f 464/324/270 455/325/270 463/326/286
f 463/326/286 455/325/270 456/327/286
f 463/326/286 456/327/286 462/328/287
f 462/328/287 456/327/286 457/329/287
f 462/328/287 457/329/287 461/330/288
f 461/330/288 457/329/287 458/331/288
f 461/330/288 458/331/288 460/332/289
f 460/332/289 458/331/288 459/210/165
f 469/243/13 470/244/13 473/245/13
f 473/245/13 470/244/13 471/246/13
f 473/245/13 471/246/13 472/247/13
f 475/207/14 476/208/14 474/209/14
f 474/209/14 476/208/14 478/210/14
f 478/210/14 476/208/14 477/211/14
f 496/316/13 479/317/290 495/318/291
f 495/318/291 479/317/290 480/319/291
f 495/318/291 480/319/291 494/320/292
f 494/320/292 480/319/291 481/321/292
f 494/320/292 481/321/292 493/322/293
f 493/322/293 481/321/292 482/323/293
f 493/322/293 482/323/293 492/324/279
f 492/324/279 482/323/293 483/325/279
f 492/324/279 483/325/279 491/326/294
f 491/326/294 483/325/279 484/327/294
f 491/326/294 484/327/294 490/328/295
f 490/328/295 484/327/294 485/329/295
f 490/328/295 485/329/295 489/330/296
f 489/330/296 485/329/295 486/331/296
f 489/330/296 486/331/296 488/332/14
f 488/332/14 486/331/296 487/210/14
f 498/212/28 512/213/28 497/214/28
f 497/214/28 512/213/28 513/215/28
f 497/214/28 513/215/28 514/216/28
f 499/217/28 510/218/28 498/212/28
f 498/212/28 510/218/28 511/219/28
f 498/212/28 511/219/28 512/213/28
f 500/220/28 526/221/28 499/217/28
f 499/217/28 526/221/28 527/222/28
f 499/217/28 527/222/28 510/218/28
f 501/223/28 524/224/28 500/220/28
f 500/220/28 524/224/28 525/225/28
f 500/220/28 525/225/28 526/221/28
f 502/226/28 522/227/28 501/223/28
f 501/223/28 522/227/28 523/228/28
f 501/223/28 523/228/28 524/224/28
f 522/227/28 502/226/28 521/229/28
f 521/229/28 502/226/28 503/230/28
f 521/229/28 503/230/28 520/231/28
f 520/231/28 503/230/28 504/232/28
f 520/231/28 504/232/28 519/233/28
f 519/233/28 504/232/28 505/234/28
f 519/233/28 505/234/28 506/235/28
f 519/233/28 506/235/28 518/236/28
f 518/236/28 506/235/28 507/237/28
f 518/236/28 507/237/28 517/238/28
f 517/238/28 507/237/28 508/239/28
f 517/238/28 508/239/28 516/240/28
f 516/240/28 508/239/28 509/241/28
f 516/240/28 509/241/28 515/242/28
f 515/242/28 509/241/28 514/216/28
f 514/216/28 509/241/28 497/214/28
f 529/278/274 554/279/274 528/280/57
f 528/280/57 554/279/274 565/281/57
f 564/282/57 555/283/57 545/284/275
f 545/284/275 555/283/57 556/285/275
f 545/284/275 556/285/275 544/286/276
f 544/286/276 556/285/275 557/287/276
f 544/286/276 557/287/276 543/288/152
f 543/288/152 557/287/276 558/289/152
f 543/288/152 558/289/152 542/290/277
f 542/290/277 558/289/152 559/291/277
f 542/290/277 559/291/277 541/292/278
f 541/292/278 559/291/277 560/293/278
f 541/292/278 560/293/278 540/294/279
f 540/294/279 560/293/278 561/295/279
f 540/294/279 561/295/279 539/296/280
f 539/296/280 561/295/279 562/297/280
f 539/296/280 562/297/280 538/298/281
f 538/298/281 562/297/280 563/299/281
f 538/298/281 563/299/281 537/300/117
f 537/300/117 563/299/281 546/301/117
f 537/300/117 546/301/117 536/302/282
f 536/302/282 546/301/117 547/303/282
f 536/302/282 547/303/282 535/304/269
f 535/304/269 547/303/282 548/305/269
f 535/304/269 548/305/269 534/306/270
f 534/306/270 548/305/269 549/307/270
f 534/306/270 549/307/270 533/308/271
f 533/308/271 549/307/270 550/309/271
f 533/308/271 550/309/271 532/310/272
f 532/310/272 550/309/271 551/311/272
f 532/310/272 551/311/272 531/312/79
f 531/312/79 551/311/272 552/313/79
f 531/312/79 552/313/79 530/314/273
f 530/314/273 552/313/79 553/315/273
f 530/314/273 553/315/273 529/278/274
f 529/278/274 553/315/273 554/279/274
f 583/316/241 566/317/241 582/318/297
f 582/318/297 566/317/241 567/319/297
f 582/318/297 567/319/297 581/320/298
f 581/320/298 567/319/297 568/321/298
f 581/320/298 568/321/298 580/322/299
f 580/322/299 568/321/298 569/323/299
f 580/322/299 569/323/299 579/324/57
f 579/324/57 569/323/299 570/325/57
f 579/324/57 570/325/57 578/326/300
f 578/326/300 570/325/57 571/327/300
f 578/326/300 571/327/300 577/328/301
f 577/328/301 571/327/300 572/329/301
f 577/328/301 572/329/301 576/330/302
f 576/330/302 572/329/301 573/331/302
f 576/330/302 573/331/302 575/332/303
f 575/332/303 573/331/302 574/210/303
f 585/333/304 703/334/304 584/335/117
f 584/335/117 703/334/304 704/336/117
f 705/337/117 644/338/117 643/339/305
f 643/339/305 644/338/117 645/340/305
f 643/339/305 645/340/305 642/341/306
f 642/341/306 645/340/305 646/342/306
f 642/341/306 646/342/306 641/343/307
f 641/343/307 646/342/306 647/344/307
f 641/343/307 647/344/307 640/345/308
f 640/345/308 647/344/307 648/346/308
f 640/345/308 648/346/308 639/347/309
f 639/347/309 648/346/308 649/348/309
f 639/347/309 649/348/309 638/349/310
f 638/349/310 649/348/309 650/350/310
f 638/349/310 650/350/310 637/351/311
f 637/351/311 650/350/310 651/352/311
f 637/351/311 651/352/311 636/353/312
f 636/353/312 651/352/311 652/354/312
f 636/353/312 652/354/312 635/355/313
f 635/355/313 652/354/312 653/356/313
f 635/355/313 653/356/313 634/357/270
f 634/357/270 653/356/313 654/358/270
f 634/357/270 654/358/270 633/359/314
f 633/359/314 654/358/270 655/360/314
f 633/359/314 655/360/314 632/361/315
f 632/361/315 655/360/314 656/362/315
f 632/361/315 656/362/315 631/363/316
f 631/363/316 656/362/315 657/364/316
f 631/363/316 657/364/316 630/365/317
f 630/365/317 657/364/316 658/366/317
f 630/365/317 658/366/317 629/367/318
f 629/367/318 658/366/317 659/368/318
f 629/367/318 659/368/318 628/369/319
f 628/369/319 659/368/318 660/370/319
f 628/369/319 660/370/319 627/371/320
f 627/371/320 660/370/319 661/372/320
f 627/371/320 661/372/320 626/373/321
f 626/373/321 661/372/320 662/374/321
f 626/373/321 662/374/321 625/375/322
f 625/375/322 662/374/321 663/376/322
f 625/375/322 663/376/322 624/377/79
f 624/377/79 663/376/322 664/378/79
f 624/377/79 664/378/79 623/379/323
f 623/379/323 664/378/79 665/380/323
f 623/379/323 665/380/323 622/381/324
f 622/381/324 665/380/323 666/382/324
f 622/381/324 666/382/324 621/383/325
f 621/383/325 666/382/324 667/384/325
f 621/383/325 667/384/325 620/385/326
f 620/385/326 667/384/325 668/386/326
f 620/385/326 668/386/326 619/387/327
f 619/387/327 668/386/326 669/388/327
f 619/387/327 669/388/327 618/389/328
f 618/389/328 669/388/327 670/390/328
f 618/389/328 670/390/328 617/391/329
f 617/391/329 670/390/328 671/392/329
f 617/391/329 671/392/329 616/393/330
f 616/393/330 671/392/329 672/394/330
f 616/393/330 672/394/330 615/395/331
f 615/395/331 672/394/330 673/396/331
f 615/395/331 673/396/331 614/397/57
f 614/397/57 673/396/331 674/210/57
f 614/397/57 674/210/57 613/398/332
f 613/398/332 674/210/57 675/399/332
f 613/398/332 675/399/332 612/400/333
f 612/400/333 675/399/332 676/401/333
f 612/400/333 676/401/333 611/402/334
f 611/402/334 676/401/333 677/403/334
f 611/402/334 677/403/334 610/404/335
f 610/404/335 677/403/334 678/405/335
f 610/404/335 678/405/335 609/406/336
f 609/406/336 678/405/335 679/407/336
f 609/406/336 679/407/336 608/408/337
f 608/408/337 679/407/336 680/409/337
f 608/408/337 680/409/337 607/410/338
f 607/410/338 680/409/337 681/411/338
f 607/410/338 681/411/338 606/412/339
f 606/412/339 681/411/338 682/413/339
f 606/412/339 682/413/339 605/414/340
f 605/414/340 682/413/339 683/415/340
f 605/414/340 683/415/340 604/416/152
f 604/416/152 683/415/340 684/417/152
f 604/416/152 684/417/152 603/418/341
f 603/418/341 684/417/152 685/419/341
f 603/418/341 685/419/341 602/420/342
f 602/420/342 685/419/341 686/421/342
f 602/420/342 686/421/342 601/422/343
f 601/422/343 686/421/342 687/423/343
f 601/422/343 687/423/343 600/424/344
f 600/424/344 687/423/343 688/425/344
f 600/424/344 688/425/344 599/426/345
f 599/426/345 688/425/344 689/427/345
f 599/426/345 689/427/345 598/428/346
f 598/428/346 689/427/345 690/429/346
f 598/428/346 690/429/346 597/430/347
f 597/430/347 690/429/346 691/431/347
f 597/430/347 691/431/347 596/432/348
f 596/432/348 691/431/347 692/433/348
f 596/432/348 692/433/348 595/434/349
f 595/434/349 692/433/348 693/435/349
f 595/434/349 693/435/349 594/436/279
f 594/436/279 693/435/349 694/437/279
f 594/436/279 694/437/279 593/438/350
f 593/438/350 694/437/279 695/439/350
f 593/438/350 695/439/350 592/440/351
f 592/440/351 695/439/350 696/441/351
f 592/440/351 696/441/351 591/442/352
f 591/442/352 696/441/351 697/443/352
f 591/442/352 697/443/352 590/444/353
f 590/444/353 697/443/352 698/445/353
f 590/444/353 698/445/353 589/446/354
f 589/446/354 698/445/353 699/447/354
f 589/446/354 699/447/354 588/448/355
f 588/448/355 699/447/354 700/449/355
f 588/448/355 700/449/355 587/450/356
f 587/450/356 700/449/355 701/451/356
f 587/450/356 701/451/356 586/452/357
f 586/452/357 701/451/356 702/453/357
f 586/452/357 702/453/357 585/333/304
f 585/333/304 702/453/357 703/334/304
f 707/454/358 821/455/358 706/456/358
f 706/456/358 821/455/358 762/457/358
f 706/456/358 762/457/358 763/458/358
f 821/455/358 707/454/358 820/459/358
f 820/459/358 707/454/358 708/460/358
f 820/459/358 708/460/358 819/461/358
f 819/461/358 708/460/358 709/462/358
f 819/461/358 709/462/358 818/463/358
f 818/463/358 709/462/358 710/464/358
f 818/463/358 710/464/358 817/465/358
f 817/465/358 710/464/358 711/466/358
f 817/465/358 711/466/358 816/467/358
f 816/467/358 711/466/358 712/468/358
f 816/467/358 712/468/358 815/469/358
f 815/469/358 712/468/358 713/470/358
f 815/469/358 713/470/358 814/471/358
f 814/471/358 713/470/358 714/472/358
f 814/471/358 714/472/358 813/473/358
f 813/473/358 714/472/358 715/474/358
f 813/473/358 715/474/358 812/475/358
f 812/475/358 715/474/358 716/476/358
f 812/475/358 716/476/358 811/477/358
f 811/477/358 716/476/358 717/478/358
f 811/477/358 717/478/358 810/479/358
f 810/479/358 717/478/358 718/480/358
f 810/479/358 718/480/358 809/481/358
f 809/481/358 718/480/358 719/482/358
f 809/481/358 719/482/358 808/483/358
f 808/483/358 719/482/358 720/484/358
f 808/483/358 720/484/358 807/485/358
f 807/485/358 720/484/358 806/486/358
f 806/486/358 720/484/358 721/487/358
f 806/486/358 721/487/358 805/488/358
f 805/488/358 721/487/358 722/489/358
f 805/488/358 722/489/358 804/490/358
f 804/490/358 722/489/358 723/491/358
f 804/490/358 723/491/358 803/492/358
f 803/492/358 723/491/358 724/493/358
f 803/492/358 724/493/358 802/494/358
f 802/494/358 724/493/358 725/495/358
f 802/494/358 725/495/358 801/496/358
f 801/496/358 725/495/358 726/497/358
f 801/496/358 726/497/358 800/498/358
f 800/498/358 726/497/358 727/499/358
f 800/498/358 727/499/358 799/500/358
f 799/500/358 727/499/358 728/501/358
f 799/500/358 728/501/358 798/502/358
f 798/502/358 728/501/358 729/503/358
f 798/502/358 729/503/358 797/504/358
f 797/504/358 729/503/358 730/505/358
f 797/504/358 730/505/358 796/506/358
f 796/506/358 730/505/358 731/507/358
f 796/506/358 731/507/358 795/508/358
f 795/508/358 731/507/358 732/509/358
f 795/508/358 732/509/358 794/510/358
f 794/510/358 732/509/358 733/511/358
f 794/510/358 733/511/358 793/512/358
f 793/512/358 733/511/358 734/513/358
f 793/512/358 734/513/358 792/514/358
f 792/514/358 734/513/358 791/515/358
f 791/515/358 734/513/358 735/516/358
f 791/515/358 735/516/358 790/517/358
f 790/517/358 735/516/358 736/518/358
f 790/517/358 736/518/358 789/519/358
f 789/519/358 736/518/358 737/520/358
f 789/519/358 737/520/358 788/521/358
f 788/521/358 737/520/358 738/522/358
f 788/521/358 738/522/358 787/523/358
f 787/523/358 738/522/358 739/524/358
f 787/523/358 739/524/358 786/525/358
f 786/525/358 739/524/358 740/526/358
f 786/525/358 740/526/358 785/527/358
f 785/527/358 740/526/358 741/528/358
f 785/527/358 741/528/358 784/529/358
f 784/529/358 741/528/358 742/530/358
f 784/529/358 742/530/358 783/531/358
f 783/531/358 742/530/358 743/532/358
f 783/531/358 743/532/358 782/533/358
f 782/533/358 743/532/358 744/534/358
f 782/533/358 744/534/358 781/535/358
f 781/535/358 744/534/358 745/536/358
f 781/535/358 745/536/358 780/537/358
f 780/537/358 745/536/358 746/538/358
f 780/537/358 746/538/358 779/539/358
f 779/539/358 746/538/358 747/540/358
f 779/539/358 747/540/358 778/541/358
f 778/541/358 747/540/358 748/542/358
f 778/541/358 748/542/358 777/543/358
f 777/543/358 748/542/358 776/544/358
f 776/544/358 748/542/358 749/545/358
f 776/544/358 749/545/358 775/546/358
f 775/546/358 749/545/358 750/547/358
f 775/546/358 750/547/358 774/548/358
f 774/548/358 750/547/358 751/549/358
f 774/548/358 751/549/358 773/550/358
f 773/550/358 751/549/358 752/551/358
f 773/550/358 752/551/358 772/552/358
f 772/552/358 752/551/358 753/553/358
f 772/552/358 753/553/358 771/554/358
f 771/554/358 753/553/358 754/555/358
f 771/554/358 754/555/358 770/556/358
f 770/556/358 754/555/358 755/557/358
f 770/556/358 755/557/358 769/558/358
f 769/558/358 755/557/358 756/559/358
f 769/558/358 756/559/358 768/560/358
f 768/560/358 756/559/358 757/561/358
f 768/560/358 757/561/358 767/562/358
f 767/562/358 757/561/358 758/563/358
f 767/562/358 758/563/358 766/564/358
f 766/564/358 758/563/358 759/565/358
f 766/564/358 759/565/358 765/566/358
f 765/566/358 759/565/358 760/567/358
f 765/566/358 760/567/358 764/568/358
f 764/568/358 760/567/358 761/569/358
f 764/568/358 761/569/358 763/458/358
f 763/458/358 761/569/358 706/456/358
f 823/570/359 933/571/359 822/572/117
f 822/572/117 933/571/359 935/573/117
f 934/574/117 878/575/117 877/576/360
f 877/576/360 878/575/117 879/577/360
f 877/576/360 879/577/360 876/578/361
f 876/578/361 879/577/360 880/579/361
f 876/578/361 880/579/361 875/580/362
f 875/580/362 880/579/361 881/581/362
f 875/580/362 881/581/362 874/582/363
f 874/582/363 881/581/362 882/583/363
f 874/582/363 882/583/363 873/584/364
f 873/584/364 882/583/363 883/585/364
f 873/584/364 883/585/364 872/586/365
f 872/586/365 883/585/364 884/587/365
f 872/586/365 884/587/365 871/588/366
f 871/588/366 884/587/365 885/589/366
f 871/588/366 885/589/366 870/590/367
f 870/590/367 885/589/366 886/591/367
f 870/590/367 886/591/367 869/592/368
f 869/592/368 886/591/367 887/593/368
f 869/592/368 887/593/368 868/594/369
f 868/594/369 887/593/368 888/595/369
f 868/594/369 888/595/369 867/596/370
f 867/596/370 888/595/369 889/597/370
f 867/596/370 889/597/370 866/598/371
f 866/598/371 889/597/370 890/599/371
f 866/598/371 890/599/371 865/600/372
f 865/600/372 890/599/371 891/601/372
f 865/600/372 891/601/372 864/602/345
f 864/602/345 891/601/372 892/603/345
f 864/602/345 892/603/345 863/604/373
f 863/604/373 892/603/345 893/605/373
f 863/604/373 893/605/373 862/606/374
f 862/606/374 893/605/373 894/607/374
f 862/606/374 894/607/374 861/608/375
f 861/608/375 894/607/374 895/609/375
f 861/608/375 895/609/375 860/610/376
f 860/610/376 895/609/375 896/611/376
f 860/610/376 896/611/376 859/612/377
f 859/612/377 896/611/376 897/613/377
f 859/612/377 897/613/377 858/614/378
f 858/614/378 897/613/377 898/615/378
f 858/614/378 898/615/378 857/616/14
f 857/616/14 898/615/378 899/617/14
f 857/616/14 899/617/14 856/618/379
f 856/618/379 899/617/14 900/619/379
f 856/618/379 900/619/379 855/620/380
f 855/620/380 900/619/379 901/621/380
f 855/620/380 901/621/380 854/622/381
f 854/622/381 901/621/380 902/623/381
f 854/622/381 902/623/381 853/624/382
f 853/624/382 902/623/381 903/625/382
f 853/624/382 903/625/382 852/626/383
f 852/626/383 903/625/382 904/627/383
f 852/626/383 904/627/383 851/628/384
f 851/628/384 904/627/383 905/629/384
f 851/628/384 905/629/384 850/397/57
f 850/397/57 905/629/384 906/630/57
f 850/397/57 906/630/57 849/631/385
f 849/631/385 906/630/57 907/632/385
f 849/631/385 907/632/385 848/633/386
f 848/633/386 907/632/385 908/634/386
f 848/633/386 908/634/386 847/635/387
f 847/635/387 908/634/386 909/636/387
f 847/635/387 909/636/387 846/637/388
f 846/637/388 909/636/387 910/638/388
f 846/637/388 910/638/388 845/639/389
f 845/639/389 910/638/388 911/640/389
f 845/639/389 911/640/389 844/641/390
f 844/641/390 911/640/389 912/642/390
f 844/641/390 912/642/390 843/643/189
f 843/643/189 912/642/390 913/644/189
f 843/643/189 913/644/189 842/645/391
f 842/645/391 913/644/189 914/646/391
f 842/645/391 914/646/391 841/647/392
f 841/647/392 914/646/391 915/648/392
f 841/647/392 915/648/392 840/649/393
f 840/649/393 915/648/392 916/650/393
f 840/649/393 916/650/393 839/651/394
f 839/651/394 916/650/393 917/652/394
f 839/651/394 917/652/394 838/653/395
f 838/653/395 917/652/394 918/654/395
f 838/653/395 918/654/395 837/655/396
f 837/655/396 918/654/395 919/656/396
f 837/655/396 919/656/396 836/657/318
f 836/657/318 919/656/396 920/658/318
f 836/657/318 920/658/318 835/659/397
f 835/659/397 920/658/318 921/660/397
f 835/659/397 921/660/397 834/661/398
f 834/661/398 921/660/397 922/662/398
f 834/661/398 922/662/398 833/663/399
f 833/663/399 922/662/398 923/664/399
f 833/663/399 923/664/399 832/665/400
f 832/665/400 923/664/399 924/666/400
f 832/665/400 924/666/400 831/667/401
f 831/667/401 924/666/400 925/668/401
f 831/667/401 925/668/401 830/669/402
f 830/669/402 925/668/401 926/670/402
f 830/669/402 926/670/402 829/671/403
f 829/671/403 926/670/402 927/672/403
f 829/671/403 927/672/403 828/673/404
f 828/673/404 927/672/403 928/674/404
f 828/673/404 928/674/404 827/675/405
f 827/675/405 928/674/404 929/676/405
f 827/675/405 929/676/405 826/677/406
f 826/677/406 929/676/405 930/678/406
f 826/677/406 930/678/406 825/679/407
f 825/679/407 930/678/406 931/680/407
f 825/679/407 931/680/407 824/681/408
f 824/681/408 931/680/407 932/682/408
f 824/681/408 932/682/408 823/570/359
f 823/570/359 932/682/408 933/571/359
f 937/683/358 1015/684/358 936/685/358
f 936/685/358 1015/684/358 1016/686/358
f 936/685/358 1016/686/358 1017/687/358
f 1015/684/358 937/683/358 1014/688/358
f 1014/688/358 937/683/358 938/689/358
f 1014/688/358 938/689/358 1013/690/358
f 1013/690/358 938/689/358 939/691/358
f 1013/690/358 939/691/358 1012/692/358
f 1012/692/358 939/691/358 940/693/358
f 1012/692/358 940/693/358 941/694/358
f 1012/692/358 941/694/358 1011/695/358
f 1011/695/358 941/694/358 942/696/358
f 1011/695/358 942/696/358 943/697/358
f 1011/695/358 943/697/358 1010/698/358
f 1010/698/358 943/697/358 944/699/358
f 1010/698/358 944/699/358 1136/493/358
f 1136/493/358 944/699/358 945/700/358
f 1136/493/358 945/700/358 1135/495/358
f 1135/495/358 945/700/358 946/701/358
f 1135/495/358 946/701/358 1022/702/358
f 1022/702/358 946/701/358 947/703/358
f 1022/702/358 947/703/358 1021/704/358
f 1021/704/358 947/703/358 948/705/358
f 1021/704/358 948/705/358 949/706/358
f 1021/704/358 949/706/358 1020/707/358
f 1020/707/358 949/706/358 950/708/358
f 1020/707/358 950/708/358 951/709/358
f 1020/707/358 951/709/358 1019/710/358
f 1019/710/358 951/709/358 952/711/358
f 1019/710/358 952/711/358 1018/712/358
f 1018/712/358 952/711/358 953/713/358
f 1018/712/358 953/713/358 1017/687/358
f 1017/687/358 953/713/358 936/685/358
f 955/714/358 1051/715/358 954/716/358
f 954/716/358 1051/715/358 1052/717/358
f 954/716/358 1052/717/358 1053/718/358
f 1051/715/358 955/714/358 1050/719/358
f 1050/719/358 955/714/358 956/720/358
f 1050/719/358 956/720/358 1049/721/358
f 1049/721/358 956/720/358 957/722/358
f 1049/721/358 957/722/358 1048/723/358
f 1048/723/358 957/722/358 958/724/358
f 1048/723/358 958/724/358 959/725/358
f 1048/723/358 959/725/358 1047/726/358
f 1047/726/358 959/725/358 960/727/358
f 1047/726/358 960/727/358 961/728/358
f 1047/726/358 961/728/358 1046/729/358
f 1046/729/358 961/728/358 962/730/358
f 1046/729/358 962/730/358 1117/532/358
f 1117/532/358 962/730/358 963/731/358
f 1117/532/358 963/731/358 1116/534/358
f 1116/534/358 963/731/358 964/732/358
f 1116/534/358 964/732/358 1058/733/358
f 1058/733/358 964/732/358 965/734/358
f 1058/733/358 965/734/358 1057/735/358
f 1057/735/358 965/734/358 966/736/358
f 1057/735/358 966/736/358 967/737/358
f 1057/735/358 967/737/358 1056/738/358
f 1056/738/358 967/737/358 968/739/358
f 1056/738/358 968/739/358 969/740/358
f 1056/738/358 969/740/358 1055/741/358
f 1055/741/358 969/740/358 970/742/358
f 1055/741/358 970/742/358 1054/743/358
f 1054/743/358 970/742/358 971/744/358
f 1054/743/358 971/744/358 1053/718/358
f 1053/718/358 971/744/358 954/716/358
f 973/745/358 1087/746/358 972/747/358
f 972/747/358 1087/746/358 1088/748/358
f 972/747/358 1088/748/358 1089/749/358
f 1087/746/358 973/745/358 1086/750/358
f 1086/750/358 973/745/358 974/751/358
f 1086/750/358 974/751/358 1085/752/358
f 1085/752/358 974/751/358 975/753/358
f 1085/752/358 975/753/358 1084/754/358
f 1084/754/358 975/753/358 976/755/358
f 1084/754/358 976/755/358 977/756/358
f 1084/754/358 977/756/358 1083/757/358
f 1083/757/358 977/756/358 978/758/358
f 1083/757/358 978/758/358 979/759/358
f 1083/757/358 979/759/358 1082/760/358
f 1082/760/358 979/759/358 980/761/358
f 1082/760/358 980/761/358 1098/456/358
f 1098/456/358 980/761/358 981/762/358
f 1098/456/358 981/762/358 982/763/358
f 1098/456/358 982/763/358 1094/764/358
f 1094/764/358 982/763/358 983/765/358
f 1094/764/358 983/765/358 1093/766/358
f 1093/766/358 983/765/358 984/767/358
f 1093/766/358 984/767/358 985/768/358
f 1093/766/358 985/768/358 1092/769/358
f 1092/769/358 985/768/358 986/770/358
f 1092/769/358 986/770/358 987/771/358
f 1092/769/358 987/771/358 1091/772/358
f 1091/772/358 987/771/358 988/773/358
f 1091/772/358 988/773/358 1090/774/358
f 1090/774/358 988/773/358 989/775/358
f 1090/774/358 989/775/358 1089/749/358
f 1089/749/358 989/775/358 972/747/358
f 991/776/358 1152/460/358 990/777/358
f 990/777/358 1152/460/358 1153/454/358
f 990/777/358 1153/454/358 1097/778/358
f 1097/778/358 1153/454/358 1096/779/358
f 1096/779/358 1153/454/358 1095/780/358
f 1095/780/358 1153/454/358 1094/764/358
f 1094/764/358 1153/454/358 1098/456/358
f 1152/460/358 991/776/358 1151/462/358
f 1151/462/358 991/776/358 992/781/358
f 1151/462/358 992/781/358 1150/464/358
f 1150/464/358 992/781/358 993/782/358
f 1150/464/358 993/782/358 1149/466/358
f 1149/466/358 993/782/358 994/783/358
f 1149/466/358 994/783/358 1148/468/358
f 1148/468/358 994/783/358 995/784/358
f 1148/468/358 995/784/358 1147/470/358
f 1147/470/358 995/784/358 996/785/358
f 1147/470/358 996/785/358 1146/472/358
f 1146/472/358 996/785/358 997/786/358
f 1146/472/358 997/786/358 1145/474/358
f 1145/474/358 997/786/358 998/787/358
f 1145/474/358 998/787/358 1144/476/358
f 1144/476/358 998/787/358 999/788/358
f 1144/476/358 999/788/358 1143/478/358
f 1143/478/358 999/788/358 1000/789/358
f 1143/478/358 1000/789/358 1142/480/358
f 1142/480/358 1000/789/358 1001/790/358
f 1142/480/358 1001/790/358 1141/482/358
f 1141/482/358 1001/790/358 1002/791/358
f 1141/482/358 1002/791/358 1140/484/358
f 1140/484/358 1002/791/358 1003/792/358
f 1140/484/358 1003/792/358 1139/487/358
f 1139/487/358 1003/792/358 1004/793/358
f 1139/487/358 1004/793/358 1138/489/358
f 1138/489/358 1004/793/358 1005/794/358
f 1138/489/358 1005/794/358 1137/491/358
f 1137/491/358 1005/794/358 1006/795/358
f 1137/491/358 1006/795/358 1007/796/358
f 1137/491/358 1007/796/358 1136/493/358
f 1136/493/358 1007/796/358 1008/797/358
f 1136/493/358 1008/797/358 1009/798/358
f 1009/798/358 1010/698/358 1136/493/358
f 1022/702/358 1023/799/358 1135/495/358
f 1135/495/358 1023/799/358 1024/800/358
f 1135/495/358 1024/800/358 1134/497/358
f 1134/497/358 1024/800/358 1025/801/358
f 1134/497/358 1025/801/358 1026/802/358
f 1026/802/358 1027/803/358 1134/497/358
f 1134/497/358 1027/803/358 1133/499/358
f 1133/499/358 1027/803/358 1028/804/358
f 1133/499/358 1028/804/358 1132/501/358
f 1132/501/358 1028/804/358 1029/805/358
f 1132/501/358 1029/805/358 1131/503/358
f 1131/503/358 1029/805/358 1030/806/358
f 1131/503/358 1030/806/358 1130/505/358
f 1130/505/358 1030/806/358 1031/807/358
f 1130/505/358 1031/807/358 1129/507/358
f 1129/507/358 1031/807/358 1032/808/358
f 1129/507/358 1032/808/358 1128/509/358
f 1128/509/358 1032/808/358 1033/809/358
f 1128/509/358 1033/809/358 1127/511/358
f 1127/511/358 1033/809/358 1034/810/358
f 1127/511/358 1034/810/358 1126/513/358
f 1126/513/358 1034/810/358 1125/516/358
f 1125/516/358 1034/810/358 1035/811/358
f 1125/516/358 1035/811/358 1124/518/358
f 1124/518/358 1035/811/358 1036/812/358
f 1124/518/358 1036/812/358 1123/520/358
f 1123/520/358 1036/812/358 1037/813/358
f 1123/520/358 1037/813/358 1122/522/358
f 1122/522/358 1037/813/358 1038/814/358
f 1122/522/358 1038/814/358 1121/524/358
f 1121/524/358 1038/814/358 1039/815/358
f 1121/524/358 1039/815/358 1120/526/358
f 1120/526/358 1039/815/358 1040/816/358
f 1120/526/358 1040/816/358 1119/528/358
f 1119/528/358 1040/816/358 1041/817/358
f 1119/528/358 1041/817/358 1118/530/358
f 1118/530/358 1041/817/358 1042/818/358
f 1118/530/358 1042/818/358 1043/819/358
f 1043/819/358 1044/820/358 1118/530/358
f 1118/530/358 1044/820/358 1117/532/358
f 1117/532/358 1044/820/358 1045/821/358
f 1117/532/358 1045/821/358 1046/729/358
f 1058/733/358 1059/822/358 1116/534/358
f 1116/534/358 1059/822/358 1060/823/358
f 1116/534/358 1060/823/358 1061/824/358
f 1116/534/358 1061/824/358 1115/536/358
f 1115/536/358 1061/824/358 1062/825/358
f 1115/536/358 1062/825/358 1063/826/358
f 1115/536/358 1063/826/358 1114/538/358
f 1114/538/358 1063/826/358 1064/827/358
f 1114/538/358 1064/827/358 1113/540/358
f 1113/540/358 1064/827/358 1065/828/358
f 1113/540/358 1065/828/358 1112/542/358
f 1112/542/358 1065/828/358 1066/829/358
f 1112/542/358 1066/829/358 1111/545/358
f 1111/545/358 1066/829/358 1067/830/358
f 1111/545/358 1067/830/358 1110/547/358
f 1110/547/358 1067/830/358 1068/831/358
f 1110/547/358 1068/831/358 1109/549/358
f 1109/549/358 1068/831/358 1069/832/358
f 1109/549/358 1069/832/358 1108/551/358
f 1108/551/358 1069/832/358 1070/833/358
f 1108/551/358 1070/833/358 1107/553/358
f 1107/553/358 1070/833/358 1071/834/358
f 1107/553/358 1071/834/358 1106/555/358
f 1106/555/358 1071/834/358 1072/835/358
f 1106/555/358 1072/835/358 1105/557/358
f 1105/557/358 1072/835/358 1073/836/358
f 1105/557/358 1073/836/358 1104/559/358
f 1104/559/358 1073/836/358 1074/837/358
f 1104/559/358 1074/837/358 1103/561/358
f 1103/561/358 1074/837/358 1075/838/358
f 1103/561/358 1075/838/358 1102/563/358
f 1102/563/358 1075/838/358 1076/839/358
f 1102/563/358 1076/839/358 1101/565/358
f 1101/565/358 1076/839/358 1077/840/358
f 1101/565/358 1077/840/358 1100/567/358
f 1100/567/358 1077/840/358 1078/841/358
f 1100/567/358 1078/841/358 1099/569/358
f 1099/569/358 1078/841/358 1079/842/358
f 1099/569/358 1079/842/358 1080/843/358
f 1080/843/358 1081/844/358 1099/569/358
f 1099/569/358 1081/844/358 1082/760/358
f 1099/569/358 1082/760/358 1098/456/358
f 1213/515/28 1154/514/28 1214/810/28
f 1214/810/28 1154/514/28 1155/512/28
f 1214/810/28 1155/512/28 1266/845/28
f 1266/845/28 1155/512/28 1156/510/28
f 1266/845/28 1156/510/28 1265/846/28
f 1265/846/28 1156/510/28 1157/508/28
f 1265/846/28 1157/508/28 1264/847/28
f 1264/847/28 1157/508/28 1158/506/28
f 1264/847/28 1158/506/28 1263/848/28
f 1263/848/28 1158/506/28 1159/504/28
f 1263/848/28 1159/504/28 1262/849/28
f 1262/849/28 1159/504/28 1160/502/28
f 1262/849/28 1160/502/28 1261/850/28
f 1261/850/28 1160/502/28 1161/500/28
f 1261/850/28 1161/500/28 1260/851/28
f 1260/851/28 1161/500/28 1162/498/28
f 1260/851/28 1162/498/28 1259/852/28
f 1259/852/28 1162/498/28 1163/496/28
f 1259/852/28 1163/496/28 1164/494/28
f 1259/852/28 1164/494/28 1258/853/28
f 1258/853/28 1164/494/28 1165/492/28
f 1258/853/28 1165/492/28 1257/854/28
f 1257/854/28 1165/492/28 1166/490/28
f 1257/854/28 1166/490/28 1256/855/28
f 1256/855/28 1166/490/28 1167/488/28
f 1256/855/28 1167/488/28 1255/856/28
f 1255/856/28 1167/488/28 1168/486/28
f 1255/856/28 1168/486/28 1254/857/28
f 1254/857/28 1168/486/28 1169/485/28
f 1254/857/28 1169/485/28 1253/858/28
f 1253/858/28 1169/485/28 1170/483/28
f 1253/858/28 1170/483/28 1252/859/28
f 1252/859/28 1170/483/28 1171/481/28
f 1252/859/28 1171/481/28 1172/479/28
f 1252/859/28 1172/479/28 1251/860/28
f 1251/860/28 1172/479/28 1173/477/28
f 1251/860/28 1173/477/28 1250/861/28
f 1250/861/28 1173/477/28 1174/475/28
f 1250/861/28 1174/475/28 1249/862/28
f 1249/862/28 1174/475/28 1175/473/28
f 1249/862/28 1175/473/28 1248/863/28
f 1248/863/28 1175/473/28 1176/471/28
f 1248/863/28 1176/471/28 1247/864/28
f 1247/864/28 1176/471/28 1177/469/28
f 1247/864/28 1177/469/28 1246/865/28
f 1246/865/28 1177/469/28 1178/467/28
f 1246/865/28 1178/467/28 1245/866/28
f 1245/866/28 1178/467/28 1179/465/28
f 1245/866/28 1179/465/28 1244/867/28
f 1244/867/28 1179/465/28 1180/463/28
f 1244/867/28 1180/463/28 1181/461/28
f 1244/867/28 1181/461/28 1243/868/28
f 1243/868/28 1181/461/28 1182/459/28
f 1243/868/28 1182/459/28 1242/869/28
f 1242/869/28 1182/459/28 1183/455/28
f 1242/869/28 1183/455/28 1241/870/28
f 1241/870/28 1183/455/28 1184/457/28
f 1241/870/28 1184/457/28 1240/871/28
f 1240/871/28 1184/457/28 1185/458/28
f 1240/871/28 1185/458/28 1239/872/28
f 1239/872/28 1185/458/28 1186/568/28
f 1239/872/28 1186/568/28 1238/873/28
f 1238/873/28 1186/568/28 1187/566/28
f 1238/873/28 1187/566/28 1237/874/28
f 1237/874/28 1187/566/28 1188/564/28
f 1237/874/28 1188/564/28 1189/562/28
f 1237/874/28 1189/562/28 1236/875/28
f 1236/875/28 1189/562/28 1190/560/28
f 1236/875/28 1190/560/28 1235/876/28
f 1235/876/28 1190/560/28 1191/558/28
f 1235/876/28 1191/558/28 1234/877/28
f 1234/877/28 1191/558/28 1192/556/28
f 1234/877/28 1192/556/28 1233/878/28
f 1233/878/28 1192/556/28 1193/554/28
f 1233/878/28 1193/554/28 1232/879/28
f 1232/879/28 1193/554/28 1194/552/28
f 1232/879/28 1194/552/28 1231/880/28
f 1231/880/28 1194/552/28 1195/550/28
f 1231/880/28 1195/550/28 1230/881/28
f 1230/881/28 1195/550/28 1196/548/28
f 1230/881/28 1196/548/28 1229/882/28
f 1229/882/28 1196/548/28 1197/546/28
f 1229/882/28 1197/546/28 1198/544/28
f 1229/882/28 1198/544/28 1228/883/28
f 1228/883/28 1198/544/28 1199/543/28
f 1228/883/28 1199/543/28 1227/884/28
f 1227/884/28 1199/543/28 1200/541/28
f 1227/884/28 1200/541/28 1226/885/28
f 1226/885/28 1200/541/28 1201/539/28
f 1226/885/28 1201/539/28 1225/886/28
f 1225/886/28 1201/539/28 1202/537/28
f 1225/886/28 1202/537/28 1224/887/28
f 1224/887/28 1202/537/28 1203/535/28
f 1224/887/28 1203/535/28 1223/888/28
f 1223/888/28 1203/535/28 1204/533/28
f 1223/888/28 1204/533/28 1222/889/28
f 1222/889/28 1204/533/28 1205/531/28
f 1222/889/28 1205/531/28 1206/529/28
f 1222/889/28 1206/529/28 1221/890/28
f 1221/890/28 1206/529/28 1207/527/28
f 1221/890/28 1207/527/28 1220/891/28
f 1220/891/28 1207/527/28 1208/525/28
f 1220/891/28 1208/525/28 1219/892/28
f 1219/892/28 1208/525/28 1209/523/28
f 1219/892/28 1209/523/28 1218/893/28
f 1218/893/28 1209/523/28 1210/521/28
f 1218/893/28 1210/521/28 1217/894/28
f 1217/894/28 1210/521/28 1211/519/28
f 1217/894/28 1211/519/28 1216/895/28
f 1216/895/28 1211/519/28 1212/517/28
f 1216/895/28 1212/517/28 1215/896/28
f 1215/896/28 1212/517/28 1213/515/28
f 1215/896/28 1213/515/28 1214/810/28
usemtl XID_PowderCoatRoughYellow_B36A5A28A7D547578431E65AF90E16F3
f 1267/897/28 1268/898/28 1270/210/28
f 1270/210/28 1268/898/28 1269/899/28
f 1271/897/345 1272/900/345 1274/210/345
f 1274/210/345 1272/900/345 1273/901/345
f 1275/897/318 1276/900/318 1278/210/318
f 1278/210/318 1276/900/318 1277/901/318
f 1279/902/57 1280/903/57 1315/904/57
f 1315/904/57 1280/903/57 1363/905/57
f 1315/904/57 1363/905/57 1364/906/57
f 1281/907/57 1356/908/57 1280/903/57
f 1280/903/57 1356/908/57 1357/909/57
f 1280/903/57 1357/909/57 1358/910/57
f 1282/911/57 1283/912/57 1281/907/57
f 1281/907/57 1283/912/57 1349/913/57
f 1281/907/57 1349/913/57 1350/914/57
f 1284/915/57 1346/916/57 1283/912/57
f 1283/912/57 1346/916/57 1347/917/57
f 1283/912/57 1347/917/57 1348/918/57
f 1285/919/57 1342/920/57 1284/915/57
f 1284/915/57 1342/920/57 1343/921/57
f 1284/915/57 1343/921/57 1344/922/57
f 1342/920/57 1285/919/57 1341/923/57
f 1341/923/57 1285/919/57 1286/924/57
f 1341/923/57 1286/924/57 1340/925/57
f 1340/925/57 1286/924/57 1287/926/57
f 1340/925/57 1287/926/57 1339/927/57
f 1339/927/57 1287/926/57 1288/928/57
f 1339/927/57 1288/928/57 1289/929/57
f 1339/927/57 1289/929/57 1338/930/57
f 1338/930/57 1289/929/57 1290/931/57
f 1338/930/57 1290/931/57 1337/932/57
f 1337/932/57 1290/931/57 1291/933/57
f 1337/932/57 1291/933/57 1336/934/57
f 1336/934/57 1291/933/57 1292/935/57
f 1336/934/57 1292/935/57 1335/936/57
f 1335/936/57 1292/935/57 1293/937/57
f 1335/936/57 1293/937/57 1334/938/57
f 1334/938/57 1293/937/57 1294/939/57
f 1334/938/57 1294/939/57 1333/940/57
f 1333/940/57 1294/939/57 1295/941/57
f 1333/940/57 1295/941/57 1332/942/57
f 1332/942/57 1295/941/57 1296/943/57
f 1332/942/57 1296/943/57 1331/944/57
f 1331/944/57 1296/943/57 1297/945/57
f 1331/944/57 1297/945/57 1298/946/57
f 1331/944/57 1298/946/57 1330/947/57
f 1330/947/57 1298/946/57 1299/948/57
f 1330/947/57 1299/948/57 1329/949/57
f 1329/949/57 1299/948/57 1300/950/57
f 1329/949/57 1300/950/57 1328/951/57
f 1328/951/57 1300/950/57 1301/952/57
f 1328/951/57 1301/952/57 1327/953/57
f 1327/953/57 1301/952/57 1302/954/57
f 1327/953/57 1302/954/57 1326/955/57
f 1326/955/57 1302/954/57 1303/956/57
f 1326/955/57 1303/956/57 1325/957/57
f 1325/957/57 1303/956/57 1304/958/57
f 1325/957/57 1304/958/57 1324/959/57
f 1324/959/57 1304/958/57 1305/960/57
f 1324/959/57 1305/960/57 1323/961/57
f 1323/961/57 1305/960/57 1306/962/57
f 1323/961/57 1306/962/57 1307/963/57
f 1323/961/57 1307/963/57 1322/964/57
f 1322/964/57 1307/963/57 1308/965/57
f 1322/964/57 1308/965/57 1321/966/57
f 1321/966/57 1308/965/57 1309/967/57
f 1321/966/57 1309/967/57 1320/968/57
f 1320/968/57 1309/967/57 1310/969/57
f 1320/968/57 1310/969/57 1319/970/57
f 1319/970/57 1310/969/57 1311/971/57
f 1319/970/57 1311/971/57 1318/972/57
f 1318/972/57 1311/971/57 1312/973/57
f 1318/972/57 1312/973/57 1317/974/57
f 1317/974/57 1312/973/57 1313/975/57
f 1317/974/57 1313/975/57 1316/976/57
f 1316/976/57 1313/975/57 1314/977/57
f 1316/976/57 1314/977/57 1368/978/57
f 1368/978/57 1314/977/57 1367/979/57
f 1367/979/57 1314/977/57 1366/980/57
f 1366/980/57 1314/977/57 1315/904/57
f 1366/980/57 1315/904/57 1365/981/57
f 1365/981/57 1315/904/57 1364/906/57
f 1344/922/57 1345/982/57 1284/915/57
f 1284/915/57 1345/982/57 1346/916/57
f 1348/918/57 1349/913/57 1283/912/57
f 1350/914/57 1351/983/57 1281/907/57
f 1281/907/57 1351/983/57 1352/984/57
f 1281/907/57 1352/984/57 1353/985/57
f 1353/985/57 1354/986/57 1281/907/57
f 1281/907/57 1354/986/57 1355/987/57
f 1281/907/57 1355/987/57 1356/908/57
f 1358/910/57 1359/988/57 1280/903/57
f 1280/903/57 1359/988/57 1360/989/57
f 1280/903/57 1360/989/57 1361/990/57
f 1361/990/57 1362/991/57 1280/903/57
f 1280/903/57 1362/991/57 1363/905/57
f 1370/992/28 1371/993/28 1369/994/28
f 1369/994/28 1371/993/28 1372/995/28
f 1374/996/409 1478/997/409 1373/998/345
f 1373/998/345 1478/997/409 1480/999/345
f 1479/1000/345 1426/1001/345 1425/1002/410
f 1425/1002/410 1426/1001/345 1427/1003/410
f 1425/1002/410 1427/1003/410 1424/1004/411
f 1424/1004/411 1427/1003/410 1428/1005/411
f 1424/1004/411 1428/1005/411 1423/1006/412
f 1423/1006/412 1428/1005/411 1429/1007/412
f 1423/1006/412 1429/1007/412 1422/1008/413
f 1422/1008/413 1429/1007/412 1430/1009/413
f 1422/1008/413 1430/1009/413 1421/1010/414
f 1421/1010/414 1430/1009/413 1431/1011/414
f 1421/1010/414 1431/1011/414 1420/1012/415
f 1420/1012/415 1431/1011/414 1432/1013/415
f 1420/1012/415 1432/1013/415 1419/1014/416
f 1419/1014/416 1432/1013/415 1433/1015/416
f 1419/1014/416 1433/1015/416 1418/1016/417
f 1418/1016/417 1433/1015/416 1434/1017/417
f 1418/1016/417 1434/1017/417 1417/1018/418
f 1417/1018/418 1434/1017/417 1435/1019/418
f 1417/1018/418 1435/1019/418 1416/1020/419
f 1416/1020/419 1435/1019/418 1436/1021/419
f 1416/1020/419 1436/1021/419 1415/1022/420
f 1415/1022/420 1436/1021/419 1437/1023/420
f 1415/1022/420 1437/1023/420 1414/1024/421
f 1414/1024/421 1437/1023/420 1438/1025/421
f 1414/1024/421 1438/1025/421 1413/1026/422
f 1413/1026/422 1438/1025/421 1439/1027/422
f 1413/1026/422 1439/1027/422 1412/1028/423
f 1412/1028/423 1439/1027/422 1440/1029/423
f 1412/1028/423 1440/1029/423 1411/1030/424
f 1411/1030/424 1440/1029/423 1441/1031/424
f 1411/1030/424 1441/1031/424 1410/1032/425
f 1410/1032/425 1441/1031/424 1442/1033/425
f 1410/1032/425 1442/1033/425 1409/1034/426
f 1409/1034/426 1442/1033/425 1443/1035/426
f 1409/1034/426 1443/1035/426 1408/1036/427
f 1408/1036/427 1443/1035/426 1444/1037/427
f 1408/1036/427 1444/1037/427 1407/1038/428
f 1407/1038/428 1444/1037/427 1445/1039/428
f 1407/1038/428 1445/1039/428 1406/1040/429
f 1406/1040/429 1445/1039/428 1446/1041/430
f 1406/1040/429 1446/1041/430 1405/1042/431
f 1405/1042/431 1446/1041/430 1447/1043/431
f 1405/1042/431 1447/1043/431 1404/1044/432
f 1404/1044/432 1447/1043/431 1448/1045/432
f 1404/1044/432 1448/1045/432 1403/1046/433
f 1403/1046/433 1448/1045/432 1449/1047/433
f 1403/1046/433 1449/1047/433 1402/1048/434
f 1402/1048/434 1449/1047/433 1450/1049/434
f 1402/1048/434 1450/1049/434 1401/1050/435
f 1401/1050/435 1450/1049/434 1451/1051/435
f 1401/1050/435 1451/1051/435 1400/1052/436
f 1400/1052/436 1451/1051/435 1452/1053/436
f 1400/1052/436 1452/1053/436 1399/1054/437
f 1399/1054/437 1452/1053/436 1453/1055/437
f 1399/1054/437 1453/1055/437 1398/1056/438
f 1398/1056/438 1453/1055/437 1454/1057/438
f 1398/1056/438 1454/1057/438 1397/1058/439
f 1397/1058/439 1454/1057/438 1455/1059/439
f 1397/1058/439 1455/1059/439 1396/1060/440
f 1396/1060/440 1455/1059/439 1456/1061/440
f 1396/1060/440 1456/1061/440 1395/1062/441
f 1395/1062/441 1456/1061/440 1457/1063/441
f 1395/1062/441 1457/1063/441 1394/1064/442
f 1394/1064/442 1457/1063/441 1458/1065/442
f 1394/1064/442 1458/1065/442 1393/1066/443
f 1393/1066/443 1458/1065/442 1459/1067/443
f 1393/1066/443 1459/1067/443 1392/1068/444
f 1392/1068/444 1459/1067/443 1460/1069/444
f 1392/1068/444 1460/1069/444 1391/1070/445
f 1391/1070/445 1460/1069/444 1461/1071/445
f 1391/1070/445 1461/1071/445 1390/1072/446
f 1390/1072/446 1461/1071/445 1462/1073/446
f 1390/1072/446 1462/1073/446 1389/1074/447
f 1389/1074/447 1462/1073/446 1463/1075/447
f 1389/1074/447 1463/1075/447 1388/1076/448
f 1388/1076/448 1463/1075/447 1464/1077/448
f 1388/1076/448 1464/1077/448 1387/1078/449
f 1387/1078/449 1464/1077/448 1465/1079/450
f 1387/1078/449 1465/1079/450 1386/1080/451
f 1386/1080/451 1465/1079/450 1466/1081/451
f 1386/1080/451 1466/1081/451 1385/1082/452
f 1385/1082/452 1466/1081/451 1467/1083/452
f 1385/1082/452 1467/1083/452 1384/1084/453
f 1384/1084/453 1467/1083/452 1468/1085/453
f 1384/1084/453 1468/1085/453 1383/1086/454
f 1383/1086/454 1468/1085/453 1469/1087/454
f 1383/1086/454 1469/1087/454 1382/1088/455
f 1382/1088/455 1469/1087/454 1470/1089/455
f 1382/1088/455 1470/1089/455 1381/1090/456
f 1381/1090/456 1470/1089/455 1471/1091/456
f 1381/1090/456 1471/1091/456 1380/1092/457
f 1380/1092/457 1471/1091/456 1472/1093/457
f 1380/1092/457 1472/1093/457 1379/1094/458
f 1379/1094/458 1472/1093/457 1473/1095/458
f 1379/1094/458 1473/1095/458 1378/1096/459
f 1378/1096/459 1473/1095/458 1474/1097/459
f 1378/1096/459 1474/1097/459 1377/1098/460
f 1377/1098/460 1474/1097/459 1475/1099/460
f 1377/1098/460 1475/1099/460 1376/1100/461
f 1376/1100/461 1475/1099/460 1476/1101/461
f 1376/1100/461 1476/1101/461 1375/1102/462
f 1375/1102/462 1476/1101/461 1477/1103/462
f 1375/1102/462 1477/1103/462 1374/996/409
f 1374/996/409 1477/1103/462 1478/997/409
f 1481/210/345 1482/1104/345 1484/897/345
f 1484/897/345 1482/1104/345 1483/1105/345
f 1486/1106/28 1487/897/28 1485/1107/28
f 1485/1107/28 1487/897/28 1488/210/28
f 1489/210/318 1490/1104/318 1492/897/318
f 1492/897/318 1490/1104/318 1491/1105/318
f 1554/901/345 1493/210/345 1553/1108/463
f 1553/1108/463 1493/210/345 1494/1109/463
f 1553/1108/463 1494/1109/463 1552/1110/464
f 1552/1110/464 1494/1109/463 1495/1111/464
f 1552/1110/464 1495/1111/464 1551/1112/465
f 1551/1112/465 1495/1111/464 1496/1113/465
f 1551/1112/465 1496/1113/465 1550/1114/466
f 1550/1114/466 1496/1113/465 1497/1115/466
f 1550/1114/466 1497/1115/466 1549/1116/467
f 1549/1116/467 1497/1115/466 1498/1117/467
f 1549/1116/467 1498/1117/467 1548/1118/468
f 1548/1118/468 1498/1117/467 1499/1119/468
f 1548/1118/468 1499/1119/468 1547/1120/469
f 1547/1120/469 1499/1119/468 1500/1121/469
f 1547/1120/469 1500/1121/469 1546/1122/470
f 1546/1122/470 1500/1121/469 1501/1123/470
f 1546/1122/470 1501/1123/470 1545/1124/471
f 1545/1124/471 1501/1123/470 1502/417/471
f 1545/1124/471 1502/417/471 1544/1125/472
f 1544/1125/472 1502/417/471 1503/1126/472
f 1544/1125/472 1503/1126/472 1543/1127/473
f 1543/1127/473 1503/1126/472 1504/1128/473
f 1543/1127/473 1504/1128/473 1542/1129/474
f 1542/1129/474 1504/1128/473 1505/1130/474
f 1542/1129/474 1505/1130/474 1541/1131/475
f 1541/1131/475 1505/1130/474 1506/1132/475
f 1541/1131/475 1506/1132/475 1540/1133/476
f 1540/1133/476 1506/1132/475 1507/1134/476
f 1540/1133/476 1507/1134/476 1539/1135/358
f 1539/1135/358 1507/1134/476 1508/1136/358
f 1539/1135/358 1508/1136/358 1538/1137/477
f 1538/1137/477 1508/1136/358 1509/1138/477
f 1538/1137/477 1509/1138/477 1537/1139/478
f 1537/1139/478 1509/1138/477 1510/1140/478
f 1537/1139/478 1510/1140/478 1536/1141/479
f 1536/1141/479 1510/1140/478 1511/437/479
f 1536/1141/479 1511/437/479 1535/1142/480
f 1535/1142/480 1511/437/479 1512/1143/480
f 1535/1142/480 1512/1143/480 1534/1144/481
f 1534/1144/481 1512/1143/480 1513/1145/481
f 1534/1144/481 1513/1145/481 1533/1146/482
f 1533/1146/482 1513/1145/481 1514/1147/482
f 1533/1146/482 1514/1147/482 1532/1148/483
f 1532/1148/483 1514/1147/482 1515/1149/483
f 1532/1148/483 1515/1149/483 1531/1150/484
f 1531/1150/484 1515/1149/483 1516/1151/484
f 1531/1150/484 1516/1151/484 1530/1152/485
f 1530/1152/485 1516/1151/484 1517/1153/485
f 1530/1152/485 1517/1153/485 1529/1154/486
f 1529/1154/486 1517/1153/485 1518/1155/486
f 1529/1154/486 1518/1155/486 1528/1156/487
f 1528/1156/487 1518/1155/486 1519/1157/487
f 1528/1156/487 1519/1157/487 1527/1158/488
f 1527/1158/488 1519/1157/487 1520/336/488
f 1527/1158/488 1520/336/488 1526/1159/489
f 1526/1159/489 1520/336/488 1521/1160/489
f 1526/1159/489 1521/1160/489 1525/1161/490
f 1525/1161/490 1521/1160/489 1522/1162/490
f 1525/1161/490 1522/1162/490 1524/1163/318
f 1524/1163/318 1522/1162/490 1523/1164/318
f 1556/911/117 1557/912/117 1555/907/117
f 1555/907/117 1557/912/117 1598/1165/117
f 1555/907/117 1598/1165/117 1599/1166/117
f 1558/915/117 1595/1167/117 1557/912/117
f 1557/912/117 1595/1167/117 1596/1168/117
f 1557/912/117 1596/1168/117 1597/1169/117
f 1559/919/117 1592/1170/117 1558/915/117
f 1558/915/117 1592/1170/117 1593/1171/117
f 1558/915/117 1593/1171/117 1594/1172/117
f 1592/1170/117 1559/919/117 1644/1173/117
f 1644/1173/117 1559/919/117 1560/924/117
f 1644/1173/117 1560/924/117 1643/1174/117
f 1643/1174/117 1560/924/117 1561/926/117
f 1643/1174/117 1561/926/117 1642/1175/117
f 1642/1175/117 1561/926/117 1562/928/117
f 1642/1175/117 1562/928/117 1641/1176/117
f 1641/1176/117 1562/928/117 1563/929/117
f 1641/1176/117 1563/929/117 1640/1177/117
f 1640/1177/117 1563/929/117 1564/931/117
f 1640/1177/117 1564/931/117 1639/1178/117
f 1639/1178/117 1564/931/117 1565/933/117
f 1639/1178/117 1565/933/117 1638/1179/117
f 1638/1179/117 1565/933/117 1566/935/117
f 1638/1179/117 1566/935/117 1567/937/117
f 1638/1179/117 1567/937/117 1637/1180/117
f 1637/1180/117 1567/937/117 1568/939/117
f 1637/1180/117 1568/939/117 1636/1181/117
f 1636/1181/117 1568/939/117 1569/941/117
f 1636/1181/117 1569/941/117 1635/1182/117
f 1635/1182/117 1569/941/117 1570/943/117
f 1635/1182/117 1570/943/117 1634/1183/117
f 1634/1183/117 1570/943/117 1571/945/117
f 1634/1183/117 1571/945/117 1633/1184/117
f 1633/1184/117 1571/945/117 1572/946/117
f 1633/1184/117 1572/946/117 1632/1185/117
f 1632/1185/117 1572/946/117 1573/948/117
f 1632/1185/117 1573/948/117 1631/1186/117
f 1631/1186/117 1573/948/117 1574/950/117
f 1631/1186/117 1574/950/117 1630/1187/117
f 1630/1187/117 1574/950/117 1575/952/117
f 1630/1187/117 1575/952/117 1576/954/117
f 1630/1187/117 1576/954/117 1629/1188/117
f 1629/1188/117 1576/954/117 1577/956/117
f 1629/1188/117 1577/956/117 1628/1189/117
f 1628/1189/117 1577/956/117 1578/958/117
f 1628/1189/117 1578/958/117 1627/1190/117
f 1627/1190/117 1578/958/117 1579/960/117
f 1627/1190/117 1579/960/117 1626/1191/117
f 1626/1191/117 1579/960/117 1580/962/117
f 1626/1191/117 1580/962/117 1625/1192/117
f 1625/1192/117 1580/962/117 1581/963/117
f 1625/1192/117 1581/963/117 1624/1193/117
f 1624/1193/117 1581/963/117 1582/965/117
f 1624/1193/117 1582/965/117 1623/1194/117
f 1623/1194/117 1582/965/117 1583/967/117
f 1623/1194/117 1583/967/117 1622/1195/117
f 1622/1195/117 1583/967/117 1584/969/117
f 1622/1195/117 1584/969/117 1585/971/117
f 1622/1195/117 1585/971/117 1621/1196/117
f 1621/1196/117 1585/971/117 1586/973/117
f 1621/1196/117 1586/973/117 1620/1197/117
f 1620/1197/117 1586/973/117 1587/975/117
f 1620/1197/117 1587/975/117 1619/1198/117
f 1619/1198/117 1587/975/117 1588/977/117
f 1619/1198/117 1588/977/117 1618/1199/117
f 1618/1199/117 1588/977/117 1617/1200/117
f 1617/1200/117 1588/977/117 1616/1201/117
f 1616/1201/117 1588/977/117 1615/1202/117
f 1615/1202/117 1588/977/117 1589/904/117
f 1615/1202/117 1589/904/117 1614/1203/117
f 1614/1203/117 1589/904/117 1613/1204/117
f 1613/1204/117 1589/904/117 1612/1205/117
f 1612/1205/117 1589/904/117 1591/903/117
f 1612/1205/117 1591/903/117 1611/1206/117
f 1611/1206/117 1591/903/117 1610/1207/117
f 1610/1207/117 1591/903/117 1609/1208/117
f 1609/1208/117 1591/903/117 1608/1209/117
f 1608/1209/117 1591/903/117 1607/1210/117
f 1607/1210/117 1591/903/117 1606/1211/117
f 1606/1211/117 1591/903/117 1605/1212/117
f 1605/1212/117 1591/903/117 1555/907/117
f 1605/1212/117 1555/907/117 1604/1213/117
f 1604/1213/117 1555/907/117 1603/1214/117
f 1603/1214/117 1555/907/117 1602/1215/117
f 1602/1215/117 1555/907/117 1601/1216/117
f 1601/1216/117 1555/907/117 1600/1217/117
f 1600/1217/117 1555/907/117 1599/1166/117
f 1589/904/117 1590/902/117 1591/903/117
f 1594/1172/117 1595/1167/117 1558/915/117
f 1597/1169/117 1598/1165/117 1557/912/117
f 1645/897/28 1646/898/28 1648/210/28
f 1648/210/28 1646/898/28 1647/899/28
f 1649/897/345 1650/900/345 1652/210/345
f 1652/210/345 1650/900/345 1651/901/345
f 1653/897/318 1654/900/318 1656/210/318
f 1656/210/318 1654/900/318 1655/901/318
f 1657/902/57 1658/903/57 1693/904/57
f 1693/904/57 1658/903/57 1741/905/57
f 1693/904/57 1741/905/57 1742/906/57
f 1659/907/57 1734/908/57 1658/903/57
f 1658/903/57 1734/908/57 1735/909/57
f 1658/903/57 1735/909/57 1736/910/57
f 1660/911/57 1661/912/57 1659/907/57
f 1659/907/57 1661/912/57 1727/913/57
f 1659/907/57 1727/913/57 1728/914/57
f 1662/915/57 1724/916/57 1661/912/57
f 1661/912/57 1724/916/57 1725/917/57
f 1661/912/57 1725/917/57 1726/918/57
f 1663/919/57 1720/920/57 1662/915/57
f 1662/915/57 1720/920/57 1721/921/57
f 1662/915/57 1721/921/57 1722/922/57
f 1720/920/57 1663/919/57 1719/923/57
f 1719/923/57 1663/919/57 1664/924/57
f 1719/923/57 1664/924/57 1718/925/57
f 1718/925/57 1664/924/57 1665/926/57
f 1718/925/57 1665/926/57 1717/927/57
f 1717/927/57 1665/926/57 1666/928/57
f 1717/927/57 1666/928/57 1667/929/57
f 1717/927/57 1667/929/57 1716/930/57
f 1716/930/57 1667/929/57 1668/931/57
f 1716/930/57 1668/931/57 1715/932/57
f 1715/932/57 1668/931/57 1669/933/57
f 1715/932/57 1669/933/57 1714/934/57
f 1714/934/57 1669/933/57 1670/935/57
f 1714/934/57 1670/935/57 1713/936/57
f 1713/936/57 1670/935/57 1671/937/57
f 1713/936/57 1671/937/57 1712/938/57
f 1712/938/57 1671/937/57 1672/939/57
f 1712/938/57 1672/939/57 1711/940/57
f 1711/940/57 1672/939/57 1673/941/57
f 1711/940/57 1673/941/57 1710/942/57
f 1710/942/57 1673/941/57 1674/943/57
f 1710/942/57 1674/943/57 1709/944/57
f 1709/944/57 1674/943/57 1675/945/57
f 1709/944/57 1675/945/57 1676/946/57
f 1709/944/57 1676/946/57 1708/947/57
f 1708/947/57 1676/946/57 1677/948/57
f 1708/947/57 1677/948/57 1707/949/57
f 1707/949/57 1677/948/57 1678/950/57
f 1707/949/57 1678/950/57 1706/951/57
f 1706/951/57 1678/950/57 1679/952/57
f 1706/951/57 1679/952/57 1705/953/57
f 1705/953/57 1679/952/57 1680/954/57
f 1705/953/57 1680/954/57 1704/955/57
f 1704/955/57 1680/954/57 1681/956/57
f 1704/955/57 1681/956/57 1703/957/57
f 1703/957/57 1681/956/57 1682/958/57
f 1703/957/57 1682/958/57 1702/959/57
f 1702/959/57 1682/958/57 1683/960/57
f 1702/959/57 1683/960/57 1701/961/57
f 1701/961/57 1683/960/57 1684/962/57
f 1701/961/57 1684/962/57 1685/963/57
f 1701/961/57 1685/963/57 1700/964/57
f 1700/964/57 1685/963/57 1686/965/57
f 1700/964/57 1686/965/57 1699/966/57
f 1699/966/57 1686/965/57 1687/967/57
f 1699/966/57 1687/967/57 1698/968/57
f 1698/968/57 1687/967/57 1688/969/57
f 1698/968/57 1688/969/57 1697/970/57
f 1697/970/57 1688/969/57 1689/971/57
f 1697/970/57 1689/971/57 1696/972/57
f 1696/972/57 1689/971/57 1690/973/57
f 1696/972/57 1690/973/57 1695/974/57
f 1695/974/57 1690/973/57 1691/975/57
f 1695/974/57 1691/975/57 1694/976/57
f 1694/976/57 1691/975/57 1692/977/57
f 1694/976/57 1692/977/57 1746/978/57
f 1746/978/57 1692/977/57 1745/979/57
f 1745/979/57 1692/977/57 1744/980/57
f 1744/980/57 1692/977/57 1693/904/57
f 1744/980/57 1693/904/57 1743/981/57
f 1743/981/57 1693/904/57 1742/906/57
f 1722/922/57 1723/982/57 1662/915/57
f 1662/915/57 1723/982/57 1724/916/57
f 1726/918/57 1727/913/57 1661/912/57
f 1728/914/57 1729/983/57 1659/907/57
f 1659/907/57 1729/983/57 1730/984/57
f 1659/907/57 1730/984/57 1731/985/57
f 1731/985/57 1732/986/57 1659/907/57
f 1659/907/57 1732/986/57 1733/987/57
f 1659/907/57 1733/987/57 1734/908/57
f 1736/910/57 1737/988/57 1658/903/57
f 1658/903/57 1737/988/57 1738/989/57
f 1658/903/57 1738/989/57 1739/990/57
f 1739/990/57 1740/991/57 1658/903/57
f 1658/903/57 1740/991/57 1741/905/57
f 1748/992/28 1749/993/28 1747/994/28
f 1747/994/28 1749/993/28 1750/995/28
f 1752/996/409 1856/997/409 1751/998/345
f 1751/998/345 1856/997/409 1858/999/345
f 1857/1000/345 1804/1001/345 1803/1002/410
f 1803/1002/410 1804/1001/345 1805/1003/410
f 1803/1002/410 1805/1003/410 1802/1004/411
f 1802/1004/411 1805/1003/410 1806/1005/411
f 1802/1004/411 1806/1005/411 1801/1006/412
f 1801/1006/412 1806/1005/411 1807/1007/412
f 1801/1006/412 1807/1007/412 1800/1008/413
f 1800/1008/413 1807/1007/412 1808/1009/413
f 1800/1008/413 1808/1009/413 1799/1010/414
f 1799/1010/414 1808/1009/413 1809/1011/414
f 1799/1010/414 1809/1011/414 1798/1012/415
f 1798/1012/415 1809/1011/414 1810/1013/415
f 1798/1012/415 1810/1013/415 1797/1014/416
f 1797/1014/416 1810/1013/415 1811/1015/416
f 1797/1014/416 1811/1015/416 1796/1016/417
f 1796/1016/417 1811/1015/416 1812/1017/417
f 1796/1016/417 1812/1017/417 1795/1018/418
f 1795/1018/418 1812/1017/417 1813/1019/418
f 1795/1018/418 1813/1019/418 1794/1020/419
f 1794/1020/419 1813/1019/418 1814/1021/419
f 1794/1020/419 1814/1021/419 1793/1022/420
f 1793/1022/420 1814/1021/419 1815/1023/420
f 1793/1022/420 1815/1023/420 1792/1024/421
f 1792/1024/421 1815/1023/420 1816/1025/421
f 1792/1024/421 1816/1025/421 1791/1026/422
f 1791/1026/422 1816/1025/421 1817/1027/422
f 1791/1026/422 1817/1027/422 1790/1028/423
f 1790/1028/423 1817/1027/422 1818/1029/423
f 1790/1028/423 1818/1029/423 1789/1030/424
f 1789/1030/424 1818/1029/423 1819/1031/424
f 1789/1030/424 1819/1031/424 1788/1032/425
f 1788/1032/425 1819/1031/424 1820/1033/425
f 1788/1032/425 1820/1033/425 1787/1034/426
f 1787/1034/426 1820/1033/425 1821/1035/426
f 1787/1034/426 1821/1035/426 1786/1036/427
f 1786/1036/427 1821/1035/426 1822/1037/427
f 1786/1036/427 1822/1037/427 1785/1038/428
f 1785/1038/428 1822/1037/427 1823/1039/428
f 1785/1038/428 1823/1039/428 1784/1040/429
f 1784/1040/429 1823/1039/428 1824/1041/430
f 1784/1040/429 1824/1041/430 1783/1042/431
f 1783/1042/431 1824/1041/430 1825/1043/431
f 1783/1042/431 1825/1043/431 1782/1044/432
f 1782/1044/432 1825/1043/431 1826/1045/432
f 1782/1044/432 1826/1045/432 1781/1046/433
f 1781/1046/433 1826/1045/432 1827/1047/433
f 1781/1046/433 1827/1047/433 1780/1048/434
f 1780/1048/434 1827/1047/433 1828/1049/434
f 1780/1048/434 1828/1049/434 1779/1050/435
f 1779/1050/435 1828/1049/434 1829/1051/435
f 1779/1050/435 1829/1051/435 1778/1052/436
f 1778/1052/436 1829/1051/435 1830/1053/436
f 1778/1052/436 1830/1053/436 1777/1054/437
f 1777/1054/437 1830/1053/436 1831/1055/437
f 1777/1054/437 1831/1055/437 1776/1056/438
f 1776/1056/438 1831/1055/437 1832/1057/438
f 1776/1056/438 1832/1057/438 1775/1058/439
f 1775/1058/439 1832/1057/438 1833/1059/439
f 1775/1058/439 1833/1059/439 1774/1060/440
f 1774/1060/440 1833/1059/439 1834/1061/440
f 1774/1060/440 1834/1061/440 1773/1062/441
f 1773/1062/441 1834/1061/440 1835/1063/441
f 1773/1062/441 1835/1063/441 1772/1064/442
f 1772/1064/442 1835/1063/441 1836/1065/442
f 1772/1064/442 1836/1065/442 1771/1066/443
f 1771/1066/443 1836/1065/442 1837/1067/443
f 1771/1066/443 1837/1067/443 1770/1068/444
f 1770/1068/444 1837/1067/443 1838/1069/444
f 1770/1068/444 1838/1069/444 1769/1070/445
f 1769/1070/445 1838/1069/444 1839/1071/445
f 1769/1070/445 1839/1071/445 1768/1072/446
f 1768/1072/446 1839/1071/445 1840/1073/446
f 1768/1072/446 1840/1073/446 1767/1074/447
f 1767/1074/447 1840/1073/446 1841/1075/447
f 1767/1074/447 1841/1075/447 1766/1076/448
f 1766/1076/448 1841/1075/447 1842/1077/448
f 1766/1076/448 1842/1077/448 1765/1078/449
f 1765/1078/449 1842/1077/448 1843/1079/449
f 1765/1078/449 1843/1079/449 1764/1080/451
f 1764/1080/451 1843/1079/449 1844/1081/451
f 1764/1080/451 1844/1081/451 1763/1082/452
f 1763/1082/452 1844/1081/451 1845/1083/452
f 1763/1082/452 1845/1083/452 1762/1084/453
f 1762/1084/453 1845/1083/452 1846/1085/453
f 1762/1084/453 1846/1085/453 1761/1086/454
f 1761/1086/454 1846/1085/453 1847/1087/454
f 1761/1086/454 1847/1087/454 1760/1088/455
f 1760/1088/455 1847/1087/454 1848/1089/455
f 1760/1088/455 1848/1089/455 1759/1090/456
f 1759/1090/456 1848/1089/455 1849/1091/456
f 1759/1090/456 1849/1091/456 1758/1092/457
f 1758/1092/457 1849/1091/456 1850/1093/457
f 1758/1092/457 1850/1093/457 1757/1094/458
f 1757/1094/458 1850/1093/457 1851/1095/458
f 1757/1094/458 1851/1095/458 1756/1096/459
f 1756/1096/459 1851/1095/458 1852/1097/459
f 1756/1096/459 1852/1097/459 1755/1098/460
f 1755/1098/460 1852/1097/459 1853/1099/460
f 1755/1098/460 1853/1099/460 1754/1100/461
f 1754/1100/461 1853/1099/460 1854/1101/461
f 1754/1100/461 1854/1101/461 1753/1102/462
f 1753/1102/462 1854/1101/461 1855/1103/462
f 1753/1102/462 1855/1103/462 1752/996/409
f 1752/996/409 1855/1103/462 1856/997/409
f 1859/210/345 1860/1104/345 1862/897/345
f 1862/897/345 1860/1104/345 1861/1105/345
f 1864/1106/28 1865/897/28 1863/1107/28
f 1863/1107/28 1865/897/28 1866/210/28
f 1867/210/318 1868/1104/318 1870/897/318
f 1870/897/318 1868/1104/318 1869/1105/318
f 1932/901/345 1871/210/345 1931/1108/463
f 1931/1108/463 1871/210/345 1872/1109/463
f 1931/1108/463 1872/1109/463 1930/1110/464
f 1930/1110/464 1872/1109/463 1873/1111/464
f 1930/1110/464 1873/1111/464 1929/1112/465
f 1929/1112/465 1873/1111/464 1874/1113/465
f 1929/1112/465 1874/1113/465 1928/1114/466
f 1928/1114/466 1874/1113/465 1875/1115/466
f 1928/1114/466 1875/1115/466 1927/1116/467
f 1927/1116/467 1875/1115/466 1876/1117/467
f 1927/1116/467 1876/1117/467 1926/1118/468
f 1926/1118/468 1876/1117/467 1877/1119/468
f 1926/1118/468 1877/1119/468 1925/1120/469
f 1925/1120/469 1877/1119/468 1878/1121/469
f 1925/1120/469 1878/1121/469 1924/1122/470
f 1924/1122/470 1878/1121/469 1879/1123/470
f 1924/1122/470 1879/1123/470 1923/1124/471
f 1923/1124/471 1879/1123/470 1880/417/471
f 1923/1124/471 1880/417/471 1922/1125/472
f 1922/1125/472 1880/417/471 1881/1126/472
f 1922/1125/472 1881/1126/472 1921/1127/473
f 1921/1127/473 1881/1126/472 1882/1128/473
f 1921/1127/473 1882/1128/473 1920/1129/474
f 1920/1129/474 1882/1128/473 1883/1130/474
f 1920/1129/474 1883/1130/474 1919/1131/475
f 1919/1131/475 1883/1130/474 1884/1132/475
f 1919/1131/475 1884/1132/475 1918/1133/476
f 1918/1133/476 1884/1132/475 1885/1134/476
f 1918/1133/476 1885/1134/476 1917/1135/358
f 1917/1135/358 1885/1134/476 1886/1136/358
f 1917/1135/358 1886/1136/358 1916/1137/477
f 1916/1137/477 1886/1136/358 1887/1138/477
f 1916/1137/477 1887/1138/477 1915/1139/478
f 1915/1139/478 1887/1138/477 1888/1140/478
f 1915/1139/478 1888/1140/478 1914/1141/479
f 1914/1141/479 1888/1140/478 1889/437/479
f 1914/1141/479 1889/437/479 1913/1142/480
f 1913/1142/480 1889/437/479 1890/1143/480
f 1913/1142/480 1890/1143/480 1912/1144/481
f 1912/1144/481 1890/1143/480 1891/1145/481
f 1912/1144/481 1891/1145/481 1911/1146/482
f 1911/1146/482 1891/1145/481 1892/1147/482
f 1911/1146/482 1892/1147/482 1910/1148/483
f 1910/1148/483 1892/1147/482 1893/1149/483
f 1910/1148/483 1893/1149/483 1909/1150/484
f 1909/1150/484 1893/1149/483 1894/1151/484
f 1909/1150/484 1894/1151/484 1908/1152/485
f 1908/1152/485 1894/1151/484 1895/1153/485
f 1908/1152/485 1895/1153/485 1907/1154/486
f 1907/1154/486 1895/1153/485 1896/1155/486
f 1907/1154/486 1896/1155/486 1906/1156/487
f 1906/1156/487 1896/1155/486 1897/1157/487
f 1906/1156/487 1897/1157/487 1905/1158/488
f 1905/1158/488 1897/1157/487 1898/336/488
f 1905/1158/488 1898/336/488 1904/1159/489
f 1904/1159/489 1898/336/488 1899/1160/489
f 1904/1159/489 1899/1160/489 1903/1161/490
f 1903/1161/490 1899/1160/489 1900/1162/490
f 1903/1161/490 1900/1162/490 1902/1163/318
f 1902/1163/318 1900/1162/490 1901/1164/318
f 1934/911/117 1935/912/117 1933/907/117
f 1933/907/117 1935/912/117 1976/1165/117
f 1933/907/117 1976/1165/117 1977/1166/117
f 1936/915/117 1973/1167/117 1935/912/117
f 1935/912/117 1973/1167/117 1974/1168/117
f 1935/912/117 1974/1168/117 1975/1169/117
f 1937/919/117 1970/1170/117 1936/915/117
f 1936/915/117 1970/1170/117 1971/1171/117
f 1936/915/117 1971/1171/117 1972/1172/117
f 1970/1170/117 1937/919/117 2022/1173/117
f 2022/1173/117 1937/919/117 1938/924/117
f 2022/1173/117 1938/924/117 2021/1174/117
f 2021/1174/117 1938/924/117 1939/926/117
f 2021/1174/117 1939/926/117 2020/1175/117
f 2020/1175/117 1939/926/117 1940/928/117
f 2020/1175/117 1940/928/117 2019/1176/117
f 2019/1176/117 1940/928/117 1941/929/117
f 2019/1176/117 1941/929/117 2018/1177/117
f 2018/1177/117 1941/929/117 1942/931/117
f 2018/1177/117 1942/931/117 2017/1178/117
f 2017/1178/117 1942/931/117 1943/933/117
f 2017/1178/117 1943/933/117 2016/1179/117
f 2016/1179/117 1943/933/117 1944/935/117
f 2016/1179/117 1944/935/117 1945/937/117
f 2016/1179/117 1945/937/117 2015/1180/117
f 2015/1180/117 1945/937/117 1946/939/117
f 2015/1180/117 1946/939/117 2014/1181/117
f 2014/1181/117 1946/939/117 1947/941/117
f 2014/1181/117 1947/941/117 2013/1182/117
f 2013/1182/117 1947/941/117 1948/943/117
f 2013/1182/117 1948/943/117 2012/1183/117
f 2012/1183/117 1948/943/117 1949/945/117
f 2012/1183/117 1949/945/117 2011/1184/117
f 2011/1184/117 1949/945/117 1950/946/117
f 2011/1184/117 1950/946/117 2010/1185/117
f 2010/1185/117 1950/946/117 1951/948/117
f 2010/1185/117 1951/948/117 2009/1186/117
f 2009/1186/117 1951/948/117 1952/950/117
f 2009/1186/117 1952/950/117 2008/1187/117
f 2008/1187/117 1952/950/117 1953/952/117
f 2008/1187/117 1953/952/117 1954/954/117
f 2008/1187/117 1954/954/117 2007/1188/117
f 2007/1188/117 1954/954/117 1955/956/117
f 2007/1188/117 1955/956/117 2006/1189/117
f 2006/1189/117 1955/956/117 1956/958/117
f 2006/1189/117 1956/958/117 2005/1190/117
f 2005/1190/117 1956/958/117 1957/960/117
f 2005/1190/117 1957/960/117 2004/1191/117
f 2004/1191/117 1957/960/117 1958/962/117
f 2004/1191/117 1958/962/117 2003/1192/117
f 2003/1192/117 1958/962/117 1959/963/117
f 2003/1192/117 1959/963/117 2002/1193/117
f 2002/1193/117 1959/963/117 1960/965/117
f 2002/1193/117 1960/965/117 2001/1194/117
f 2001/1194/117 1960/965/117 1961/967/117
f 2001/1194/117 1961/967/117 2000/1195/117
f 2000/1195/117 1961/967/117 1962/969/117
f 2000/1195/117 1962/969/117 1963/971/117
f 2000/1195/117 1963/971/117 1999/1196/117
f 1999/1196/117 1963/971/117 1964/973/117
f 1999/1196/117 1964/973/117 1998/1197/117
f 1998/1197/117 1964/973/117 1965/975/117
f 1998/1197/117 1965/975/117 1997/1198/117
f 1997/1198/117 1965/975/117 1966/977/117
f 1997/1198/117 1966/977/117 1996/1199/117
f 1996/1199/117 1966/977/117 1995/1200/117
f 1995/1200/117 1966/977/117 1994/1201/117
f 1994/1201/117 1966/977/117 1993/1202/117
f 1993/1202/117 1966/977/117 1967/904/117
f 1993/1202/117 1967/904/117 1992/1203/117
f 1992/1203/117 1967/904/117 1991/1204/117
f 1991/1204/117 1967/904/117 1990/1205/117
f 1990/1205/117 1967/904/117 1969/903/117
f 1990/1205/117 1969/903/117 1989/1206/117
f 1989/1206/117 1969/903/117 1988/1207/117
f 1988/1207/117 1969/903/117 1987/1208/117
f 1987/1208/117 1969/903/117 1986/1209/117
f 1986/1209/117 1969/903/117 1985/1210/117
f 1985/1210/117 1969/903/117 1984/1211/117
f 1984/1211/117 1969/903/117 1983/1212/117
f 1983/1212/117 1969/903/117 1933/907/117
f 1983/1212/117 1933/907/117 1982/1213/117
f 1982/1213/117 1933/907/117 1981/1214/117
f 1981/1214/117 1933/907/117 1980/1215/117
f 1980/1215/117 1933/907/117 1979/1216/117
f 1979/1216/117 1933/907/117 1978/1217/117
f 1978/1217/117 1933/907/117 1977/1166/117
f 1967/904/117 1968/902/117 1969/903/117
f 1972/1172/117 1973/1167/117 1936/915/117
f 1975/1169/117 1976/1165/117 1935/912/117
usemtl XID_PaintMetallicSilver_4A398534A42148538CA0BED5987C19DB
f 2024/1218/491 2130/1219/491 2023/998/57
f 2023/998/57 2130/1219/491 2132/999/57
f 2131/1000/57 2077/1001/57 2076/1220/492
f 2076/1220/492 2077/1001/57 2078/1221/492
f 2076/1220/492 2078/1221/492 2075/1222/493
f 2075/1222/493 2078/1221/492 2079/1223/493
f 2075/1222/493 2079/1223/493 2074/1224/275
f 2074/1224/275 2079/1223/493 2080/1225/275
f 2074/1224/275 2080/1225/275 2073/1226/494
f 2073/1226/494 2080/1225/275 2081/1227/494
f 2073/1226/494 2081/1227/494 2072/1228/495
f 2072/1228/495 2081/1227/494 2082/1229/495
f 2072/1228/495 2082/1229/495 2071/1230/276
f 2071/1230/276 2082/1229/495 2083/1231/276
f 2071/1230/276 2083/1231/276 2070/1232/496
f 2070/1232/496 2083/1231/276 2084/1233/496
f 2070/1232/496 2084/1233/496 2069/1234/497
f 2069/1234/497 2084/1233/496 2085/1235/497
f 2069/1234/497 2085/1235/497 2068/1236/152
f 2068/1236/152 2085/1235/497 2086/1237/152
f 2068/1236/152 2086/1237/152 2067/1238/498
f 2067/1238/498 2086/1237/152 2087/1239/498
f 2067/1238/498 2087/1239/498 2066/1240/499
f 2066/1240/499 2087/1239/498 2088/1241/499
f 2066/1240/499 2088/1241/499 2065/1242/500
f 2065/1242/500 2088/1241/499 2089/1243/277
f 2065/1242/500 2089/1243/277 2064/1244/501
f 2064/1244/501 2089/1243/277 2090/1245/501
f 2064/1244/501 2090/1245/501 2063/1246/502
f 2063/1246/502 2090/1245/501 2091/1247/502
f 2063/1246/502 2091/1247/502 2062/1248/278
f 2062/1248/278 2091/1247/502 2092/1249/503
f 2062/1248/278 2092/1249/503 2061/1250/504
f 2061/1250/504 2092/1249/503 2093/1251/504
f 2061/1250/504 2093/1251/504 2060/1252/505
f 2060/1252/505 2093/1251/504 2094/1253/505
f 2060/1252/505 2094/1253/505 2059/1254/279
f 2059/1254/279 2094/1253/505 2095/1255/279
f 2059/1254/279 2095/1255/279 2058/1256/506
f 2058/1256/506 2095/1255/279 2096/1257/506
f 2058/1256/506 2096/1257/506 2057/1258/507
f 2057/1258/507 2096/1257/506 2097/1259/507
f 2057/1258/507 2097/1259/507 2056/1260/280
f 2056/1260/280 2097/1259/507 2098/1261/280
f 2056/1260/280 2098/1261/280 2055/1262/508
f 2055/1262/508 2098/1261/280 2099/1263/508
f 2055/1262/508 2099/1263/508 2054/1264/509
f 2054/1264/509 2099/1263/508 2100/1265/509
f 2054/1264/509 2100/1265/509 2053/1266/281
f 2053/1266/281 2100/1265/509 2101/1267/281
f 2053/1266/281 2101/1267/281 2052/1268/510
f 2052/1268/510 2101/1267/281 2102/1269/510
f 2052/1268/510 2102/1269/510 2051/1270/511
f 2051/1270/511 2102/1269/510 2103/1271/511
f 2051/1270/511 2103/1271/511 2050/1272/117
f 2050/1272/117 2103/1271/511 2104/210/117
f 2050/1272/117 2104/210/117 2049/1273/512
f 2049/1273/512 2104/210/117 2105/1274/512
f 2049/1273/512 2105/1274/512 2048/1275/513
f 2048/1275/513 2105/1274/512 2106/1276/513
f 2048/1275/513 2106/1276/513 2047/1277/282
f 2047/1277/282 2106/1276/513 2107/1278/282
f 2047/1277/282 2107/1278/282 2046/1279/514
f 2046/1279/514 2107/1278/282 2108/1280/514
f 2046/1279/514 2108/1280/514 2045/1281/515
f 2045/1281/515 2108/1280/514 2109/1282/515
f 2045/1281/515 2109/1282/515 2044/1283/269
f 2044/1283/269 2109/1282/515 2110/1284/269
f 2044/1283/269 2110/1284/269 2043/1285/516
f 2043/1285/516 2110/1284/269 2111/1286/516
f 2043/1285/516 2111/1286/516 2042/1287/517
f 2042/1287/517 2111/1286/516 2112/1288/517
f 2042/1287/517 2112/1288/517 2041/1289/270
f 2041/1289/270 2112/1288/517 2113/1290/270
f 2041/1289/270 2113/1290/270 2040/1291/518
f 2040/1291/518 2113/1290/270 2114/1292/518
f 2040/1291/518 2114/1292/518 2039/1293/519
f 2039/1293/519 2114/1292/518 2115/1294/519
f 2039/1293/519 2115/1294/519 2038/1295/520
f 2038/1295/520 2115/1294/519 2116/1296/271
f 2038/1295/520 2116/1296/271 2037/1297/521
f 2037/1297/521 2116/1296/271 2117/1298/521
f 2037/1297/521 2117/1298/521 2036/1299/522
f 2036/1299/522 2117/1298/521 2118/1300/522
f 2036/1299/522 2118/1300/522 2035/1301/272
f 2035/1301/272 2118/1300/522 2119/1302/272
f 2035/1301/272 2119/1302/272 2034/1303/523
f 2034/1303/523 2119/1302/272 2120/1304/523
f 2034/1303/523 2120/1304/523 2033/1305/524
f 2033/1305/524 2120/1304/523 2121/1306/524
f 2033/1305/524 2121/1306/524 2032/1307/79
f 2032/1307/79 2121/1306/524 2122/1308/79
f 2032/1307/79 2122/1308/79 2031/1309/525
f 2031/1309/525 2122/1308/79 2123/1310/525
f 2031/1309/525 2123/1310/525 2030/1311/526
f 2030/1311/526 2123/1310/525 2124/1312/526
f 2030/1311/526 2124/1312/526 2029/1313/273
f 2029/1313/273 2124/1312/526 2125/1314/273
f 2029/1313/273 2125/1314/273 2028/1315/527
f 2028/1315/527 2125/1314/273 2126/1316/527
f 2028/1315/527 2126/1316/527 2027/1317/528
f 2027/1317/528 2126/1316/527 2127/1318/528
f 2027/1317/528 2127/1318/528 2026/1319/274
f 2026/1319/274 2127/1318/528 2128/1320/274
f 2026/1319/274 2128/1320/274 2025/1321/529
f 2025/1321/529 2128/1320/274 2129/1322/529
f 2025/1321/529 2129/1322/529 2024/1218/491
f 2024/1218/491 2129/1322/529 2130/1219/491
f 2133/210/318 2134/1272/318 2136/897/318
f 2136/897/318 2134/1272/318 2135/1323/318
f 2137/210/57 2138/1324/57 2140/897/57
f 2140/897/57 2138/1324/57 2139/1325/57
f 2141/210/345 2142/1272/345 2144/897/345
f 2144/897/345 2142/1272/345 2143/1323/345
f 2145/210/57 2146/1107/57 2148/897/57
f 2148/897/57 2146/1107/57 2147/1106/57
f 2149/210/345 2150/1326/345 2152/897/345
f 2152/897/345 2150/1326/345 2151/1327/345
f 2153/210/117 2154/1107/117 2156/897/117
f 2156/897/117 2154/1107/117 2155/1106/117
f 2157/210/345 2158/1272/345 2160/897/345
f 2160/897/345 2158/1272/345 2159/1323/345
f 2161/210/117 2162/1324/117 2164/897/117
f 2164/897/117 2162/1324/117 2163/1325/117
f 2165/210/318 2166/1272/318 2168/897/318
f 2168/897/318 2166/1272/318 2167/1323/318
f 2169/210/117 2170/1107/117 2172/897/117
f 2172/897/117 2170/1107/117 2171/1106/117
f 2173/210/318 2174/1326/318 2176/897/318
f 2176/897/318 2174/1326/318 2175/1327/318
f 2177/210/57 2178/1107/57 2180/897/57
f 2180/897/57 2178/1107/57 2179/1106/57
f 2182/1328/28 2239/1329/28 2181/542/28
f 2181/542/28 2239/1329/28 2240/1330/28
f 2181/542/28 2240/1330/28 2234/1331/28
f 2234/1331/28 2240/1330/28 2233/1332/28
f 2233/1332/28 2240/1330/28 2232/1333/28
f 2232/1333/28 2240/1330/28 2241/1334/28
f 2232/1333/28 2241/1334/28 2231/1335/28
f 2231/1335/28 2241/1334/28 2230/1336/28
f 2230/1336/28 2241/1334/28 2229/1337/28
f 2229/1337/28 2241/1334/28 2228/1338/28
f 2228/1338/28 2241/1334/28 2242/1339/28
f 2228/1338/28 2242/1339/28 2227/1340/28
f 2227/1340/28 2242/1339/28 2226/1341/28
f 2226/1341/28 2242/1339/28 2225/1342/28
f 2225/1342/28 2242/1339/28 2224/1343/28
f 2224/1343/28 2242/1339/28 2223/1344/28
f 2223/1344/28 2242/1339/28 2222/1345/28
f 2222/1345/28 2242/1339/28 2221/1346/28
f 2221/1346/28 2242/1339/28 2243/1347/28
f 2221/1346/28 2243/1347/28 2220/1348/28
f 2220/1348/28 2243/1347/28 2219/1349/28
f 2219/1349/28 2243/1347/28 2218/1350/28
f 2218/1350/28 2243/1347/28 2217/1351/28
f 2217/1351/28 2243/1347/28 2216/1352/28
f 2216/1352/28 2243/1347/28 2215/1353/28
f 2215/1353/28 2243/1347/28 2244/1354/28
f 2215/1353/28 2244/1354/28 2214/1355/28
f 2214/1355/28 2244/1354/28 2213/1356/28
f 2213/1356/28 2244/1354/28 2212/1357/28
f 2212/1357/28 2244/1354/28 2211/1358/28
f 2211/1358/28 2244/1354/28 2245/1359/28
f 2211/1358/28 2245/1359/28 2210/1360/28
f 2210/1360/28 2245/1359/28 2209/1361/28
f 2209/1361/28 2245/1359/28 2208/484/28
f 2208/484/28 2245/1359/28 2246/1362/28
f 2208/484/28 2246/1362/28 2207/1363/28
f 2207/1363/28 2246/1362/28 2206/1364/28
f 2206/1364/28 2246/1362/28 2205/1365/28
f 2205/1365/28 2246/1362/28 2235/1366/28
f 2205/1365/28 2235/1366/28 2204/1367/28
f 2204/1367/28 2235/1366/28 2203/1368/28
f 2203/1368/28 2235/1366/28 2202/1369/28
f 2202/1369/28 2235/1366/28 2201/1370/28
f 2201/1370/28 2235/1366/28 2236/1371/28
f 2201/1370/28 2236/1371/28 2200/1372/28
f 2200/1372/28 2236/1371/28 2199/1373/28
f 2199/1373/28 2236/1371/28 2198/1374/28
f 2198/1374/28 2236/1371/28 2197/1375/28
f 2197/1375/28 2236/1371/28 2196/1376/28
f 2196/1376/28 2236/1371/28 2195/1377/28
f 2195/1377/28 2236/1371/28 2237/1378/28
f 2195/1377/28 2237/1378/28 2194/1379/28
f 2194/1379/28 2237/1378/28 2193/1380/28
f 2193/1380/28 2237/1378/28 2192/1381/28
f 2192/1381/28 2237/1378/28 2191/1382/28
f 2191/1382/28 2237/1378/28 2190/1383/28
f 2190/1383/28 2237/1378/28 2189/1384/28
f 2189/1384/28 2237/1378/28 2188/1385/28
f 2188/1385/28 2237/1378/28 2238/1386/28
f 2188/1385/28 2238/1386/28 2187/1387/28
f 2187/1387/28 2238/1386/28 2186/1388/28
f 2186/1388/28 2238/1386/28 2185/1389/28
f 2185/1389/28 2238/1386/28 2184/1390/28
f 2184/1390/28 2238/1386/28 2239/1329/28
f 2184/1390/28 2239/1329/28 2183/1391/28
f 2183/1391/28 2239/1329/28 2182/1328/28
f 2248/1392/358 2309/1393/358 2247/513/358
f 2247/513/358 2309/1393/358 2310/1394/358
f 2247/513/358 2310/1394/358 2300/1395/358
f 2300/1395/358 2310/1394/358 2299/1396/358
f 2299/1396/358 2310/1394/358 2298/1397/358
f 2298/1397/358 2310/1394/358 2311/1398/358
f 2298/1397/358 2311/1398/358 2297/1399/358
f 2297/1399/358 2311/1398/358 2296/1400/358
f 2296/1400/358 2311/1398/358 2295/1401/358
f 2295/1401/358 2311/1398/358 2294/1402/358
f 2294/1402/358 2311/1398/358 2312/1403/358
f 2294/1402/358 2312/1403/358 2293/1404/358
f 2293/1404/358 2312/1403/358 2292/1405/358
f 2292/1405/358 2312/1403/358 2291/1406/358
f 2291/1406/358 2312/1403/358 2290/1407/358
f 2290/1407/358 2312/1403/358 2289/1408/358
f 2289/1408/358 2312/1403/358 2288/1409/358
f 2288/1409/358 2312/1403/358 2301/1410/358
f 2288/1409/358 2301/1410/358 2287/1411/358
f 2287/1411/358 2301/1410/358 2286/1412/358
f 2286/1412/358 2301/1410/358 2285/1413/358
f 2285/1413/358 2301/1410/358 2284/1414/358
f 2284/1414/358 2301/1410/358 2283/1415/358
f 2283/1415/358 2301/1410/358 2282/1416/358
f 2282/1416/358 2301/1410/358 2281/1417/358
f 2281/1417/358 2301/1410/358 2302/1418/358
f 2281/1417/358 2302/1418/358 2280/1419/358
f 2280/1419/358 2302/1418/358 2279/1420/358
f 2279/1420/358 2302/1418/358 2278/1421/358
f 2278/1421/358 2302/1418/358 2277/1422/358
f 2277/1422/358 2302/1418/358 2303/1423/358
f 2277/1422/358 2303/1423/358 2276/1424/358
f 2276/1424/358 2303/1423/358 2275/1425/358
f 2275/1425/358 2303/1423/358 2274/456/358
f 2274/456/358 2303/1423/358 2304/1426/358
f 2274/456/358 2304/1426/358 2273/1427/358
f 2273/1427/358 2304/1426/358 2272/1428/358
f 2272/1428/358 2304/1426/358 2271/1429/358
f 2271/1429/358 2304/1426/358 2305/1430/358
f 2271/1429/358 2305/1430/358 2270/1431/358
f 2270/1431/358 2305/1430/358 2269/1432/358
f 2269/1432/358 2305/1430/358 2268/1433/358
f 2268/1433/358 2305/1430/358 2267/1434/358
f 2267/1434/358 2305/1430/358 2306/1435/358
f 2267/1434/358 2306/1435/358 2266/1436/358
f 2266/1436/358 2306/1435/358 2265/1437/358
f 2265/1437/358 2306/1435/358 2264/1438/358
f 2264/1438/358 2306/1435/358 2263/1439/358
f 2263/1439/358 2306/1435/358 2262/1440/358
f 2262/1440/358 2306/1435/358 2261/1441/358
f 2261/1441/358 2306/1435/358 2307/1442/358
f 2261/1441/358 2307/1442/358 2260/1443/358
f 2260/1443/358 2307/1442/358 2259/1444/358
f 2259/1444/358 2307/1442/358 2258/1445/358
f 2258/1445/358 2307/1442/358 2257/1446/358
f 2257/1446/358 2307/1442/358 2256/1447/358
f 2256/1447/358 2307/1442/358 2255/1448/358
f 2255/1448/358 2307/1442/358 2254/1449/358
f 2254/1449/358 2307/1442/358 2308/1450/358
f 2254/1449/358 2308/1450/358 2253/1451/358
f 2253/1451/358 2308/1450/358 2252/1452/358
f 2252/1452/358 2308/1450/358 2251/1453/358
f 2251/1453/358 2308/1450/358 2250/1454/358
f 2250/1454/358 2308/1450/358 2309/1393/358
f 2250/1454/358 2309/1393/358 2249/1455/358
f 2249/1455/358 2309/1393/358 2248/1392/358
usemtl XID_SteelSatin_ABA880BD3F844324B7F5BA704DABA2E5
f 2314/1456/280 2339/1457/280 2313/1458/279
f 2313/1458/279 2339/1457/280 2350/1459/279
f 2349/1460/279 2340/1461/279 2330/1462/278
f 2330/1462/278 2340/1461/279 2341/1463/278
f 2330/1462/278 2341/1463/278 2329/1464/277
f 2329/1464/277 2341/1463/278 2342/1465/277
f 2329/1464/277 2342/1465/277 2328/1466/152
f 2328/1466/152 2342/1465/277 2343/1467/152
f 2328/1466/152 2343/1467/152 2327/1468/276
f 2327/1468/276 2343/1467/152 2344/1469/276
f 2327/1468/276 2344/1469/276 2326/1470/275
f 2326/1470/275 2344/1469/276 2345/1471/275
f 2326/1470/275 2345/1471/275 2325/1472/57
f 2325/1472/57 2345/1471/275 2346/1473/57
f 2325/1472/57 2346/1473/57 2324/1474/274
f 2324/1474/274 2346/1473/57 2347/1475/274
f 2324/1474/274 2347/1475/274 2323/1476/273
f 2323/1476/273 2347/1475/274 2348/1477/273
f 2323/1476/273 2348/1477/273 2322/1478/79
f 2322/1478/79 2348/1477/273 2331/1479/79
f 2322/1478/79 2331/1479/79 2321/1480/272
f 2321/1480/272 2331/1479/79 2332/1481/272
f 2321/1480/272 2332/1481/272 2320/1482/271
f 2320/1482/271 2332/1481/272 2333/1483/271
f 2320/1482/271 2333/1483/271 2319/1484/270
f 2319/1484/270 2333/1483/271 2334/1485/270
f 2319/1484/270 2334/1485/270 2318/1486/269
f 2318/1486/269 2334/1485/270 2335/1487/269
f 2318/1486/269 2335/1487/269 2317/1488/282
f 2317/1488/282 2335/1487/269 2336/1489/282
f 2317/1488/282 2336/1489/282 2316/1490/117
f 2316/1490/117 2336/1489/282 2337/1491/117
f 2316/1490/117 2337/1491/117 2315/1492/281
f 2315/1492/281 2337/1491/117 2338/1493/281
f 2315/1492/281 2338/1493/281 2314/1456/280
f 2314/1456/280 2338/1493/281 2339/1457/280
f 2352/1456/271 2377/1457/271 2351/1458/270
f 2351/1458/270 2377/1457/271 2388/1459/270
f 2387/1460/270 2378/1461/270 2368/1462/269
f 2368/1462/269 2378/1461/270 2379/1463/269
f 2368/1462/269 2379/1463/269 2367/1464/282
f 2367/1464/282 2379/1463/269 2380/1465/282
f 2367/1464/282 2380/1465/282 2366/1466/117
f 2366/1466/117 2380/1465/282 2381/1467/117
f 2366/1466/117 2381/1467/117 2365/1468/281
f 2365/1468/281 2381/1467/117 2382/1469/281
f 2365/1468/281 2382/1469/281 2364/1470/280
f 2364/1470/280 2382/1469/281 2383/1471/280
f 2364/1470/280 2383/1471/280 2363/1472/279
f 2363/1472/279 2383/1471/280 2384/1473/279
f 2363/1472/279 2384/1473/279 2362/1474/278
f 2362/1474/278 2384/1473/279 2385/1475/278
f 2362/1474/278 2385/1475/278 2361/1476/277
f 2361/1476/277 2385/1475/278 2386/1477/277
f 2361/1476/277 2386/1477/277 2360/1478/152
f 2360/1478/152 2386/1477/277 2369/1479/152
f 2360/1478/152 2369/1479/152 2359/1480/276
f 2359/1480/276 2369/1479/152 2370/1481/276
f 2359/1480/276 2370/1481/276 2358/1482/275
f 2358/1482/275 2370/1481/276 2371/1483/275
f 2358/1482/275 2371/1483/275 2357/1484/57
f 2357/1484/57 2371/1483/275 2372/1485/57
f 2357/1484/57 2372/1485/57 2356/1486/274
f 2356/1486/274 2372/1485/57 2373/1487/274
f 2356/1486/274 2373/1487/274 2355/1488/273
f 2355/1488/273 2373/1487/274 2374/1489/273
f 2355/1488/273 2374/1489/273 2354/1490/79
f 2354/1490/79 2374/1489/273 2375/1491/79
f 2354/1490/79 2375/1491/79 2353/1492/272
f 2353/1492/272 2375/1491/79 2376/1493/272
f 2353/1492/272 2376/1493/272 2352/1456/271
f 2352/1456/271 2376/1493/272 2377/1457/271
f 2400/1494/137 2389/1495/137 2399/1496/530
f 2399/1496/530 2389/1495/137 2390/1497/530
f 2399/1496/530 2390/1497/530 2398/1498/531
f 2398/1498/531 2390/1497/530 2391/1499/531
f 2398/1498/531 2391/1499/531 2397/1500/8
f 2397/1500/8 2391/1499/531 2392/1501/8
f 2397/1500/8 2392/1501/8 2396/1502/532
f 2396/1502/532 2392/1501/8 2393/1503/532
f 2396/1502/532 2393/1503/532 2395/1504/13
f 2395/1504/13 2393/1503/532 2394/1505/13
f 2402/244/13 2403/1506/13 2401/1507/13
f 2401/1507/13 2403/1506/13 2404/1508/13
f 2416/1495/26 2405/1509/26 2415/1497/533
f 2415/1497/533 2405/1509/26 2406/1510/533
f 2415/1497/533 2406/1510/533 2414/1499/22
f 2414/1499/22 2406/1510/533 2407/1511/22
f 2414/1499/22 2407/1511/22 2413/1501/19
f 2413/1501/19 2407/1511/22 2408/1512/19
f 2413/1501/19 2408/1512/19 2412/1503/534
f 2412/1503/534 2408/1512/19 2409/1513/534
f 2412/1503/534 2409/1513/534 2411/1505/14
f 2411/1505/14 2409/1513/534 2410/1514/14
f 2418/1515/14 2419/1516/14 2417/209/14
f 2417/209/14 2419/1516/14 2420/210/14
f 2432/1494/101 2421/1495/101 2431/1496/535
f 2431/1496/535 2421/1495/101 2422/1497/535
f 2431/1496/535 2422/1497/535 2430/1498/536
f 2430/1498/536 2422/1497/535 2423/1499/536
f 2430/1498/536 2423/1499/536 2429/1500/184
f 2429/1500/184 2423/1499/536 2424/1501/184
f 2429/1500/184 2424/1501/184 2428/1502/537
f 2428/1502/537 2424/1501/184 2425/1503/538
f 2428/1502/537 2425/1503/538 2427/1504/189
f 2427/1504/189 2425/1503/538 2426/1505/189
f 2434/244/189 2435/1506/189 2433/1507/189
f 2433/1507/189 2435/1506/189 2436/1508/189
f 2448/1495/95 2437/1509/95 2447/1497/539
f 2447/1497/539 2437/1509/95 2438/1510/539
f 2447/1497/539 2438/1510/539 2446/1499/540
f 2446/1499/540 2438/1510/539 2439/1511/540
f 2446/1499/540 2439/1511/540 2445/1501/170
f 2445/1501/170 2439/1511/540 2440/1512/170
f 2445/1501/170 2440/1512/170 2444/1503/541
f 2444/1503/541 2440/1512/170 2441/1513/541
f 2444/1503/541 2441/1513/541 2443/1505/165
f 2443/1505/165 2441/1513/541 2442/1514/165
f 2450/1515/165 2451/1516/165 2449/209/165
f 2449/209/165 2451/1516/165 2452/210/165
f 2470/234/13 2453/210/13 2469/1517/291
f 2469/1517/291 2453/210/13 2454/1518/291
f 2469/1517/291 2454/1518/291 2468/1519/292
f 2468/1519/292 2454/1518/291 2455/1520/292
f 2468/1519/292 2455/1520/292 2467/1521/293
f 2467/1521/293 2455/1520/292 2456/1522/293
f 2467/1521/293 2456/1522/293 2466/1523/279
f 2466/1523/279 2456/1522/293 2457/1524/279
f 2466/1523/279 2457/1524/279 2465/1525/294
f 2465/1525/294 2457/1524/279 2458/1526/294
f 2465/1525/294 2458/1526/294 2464/1527/295
f 2464/1527/295 2458/1526/294 2459/1528/295
f 2464/1527/295 2459/1528/295 2463/1529/296
f 2463/1529/296 2459/1528/295 2460/1530/296
f 2463/1529/296 2460/1530/296 2462/1531/14
f 2462/1531/14 2460/1530/296 2461/1532/14
f 2488/234/189 2471/210/189 2487/1517/283
f 2487/1517/283 2471/210/189 2472/1518/283
f 2487/1517/283 2472/1518/283 2486/1519/284
f 2486/1519/284 2472/1518/283 2473/1520/284
f 2486/1519/284 2473/1520/284 2485/1521/285
f 2485/1521/285 2473/1520/284 2474/1522/285
f 2485/1521/285 2474/1522/285 2484/1523/270
f 2484/1523/270 2474/1522/285 2475/1524/270
f 2484/1523/270 2475/1524/270 2483/1525/286
f 2483/1525/286 2475/1524/270 2476/1526/542
f 2483/1525/286 2476/1526/542 2482/1527/287
f 2482/1527/287 2476/1526/542 2477/1528/287
f 2482/1527/287 2477/1528/287 2481/1529/288
f 2481/1529/288 2477/1528/287 2478/1530/288
f 2481/1529/288 2478/1530/288 2480/1531/165
f 2480/1531/165 2478/1530/288 2479/1532/165
f 2489/1533/95 2490/1534/95 2522/1535/93
f 2522/1535/93 2490/1534/95 2491/1536/93
f 2522/1535/93 2491/1536/93 2521/1537/91
f 2521/1537/91 2491/1536/93 2492/1538/91
f 2521/1537/91 2492/1538/91 2520/1539/543
f 2520/1539/543 2492/1538/91 2493/1540/543
f 2520/1539/543 2493/1540/543 2519/1541/87
f 2519/1541/87 2493/1540/543 2494/1542/87
f 2519/1541/87 2494/1542/87 2518/1543/85
f 2518/1543/85 2494/1542/87 2495/1544/85
f 2518/1543/85 2495/1544/85 2517/1545/83
f 2517/1545/83 2495/1544/85 2496/1546/83
f 2517/1545/83 2496/1546/83 2516/1547/81
f 2516/1547/81 2496/1546/83 2497/1548/81
f 2516/1547/81 2497/1548/81 2515/1549/79
f 2515/1549/79 2497/1548/81 2498/1550/79
f 2515/1549/79 2498/1550/79 2514/1551/544
f 2514/1551/544 2498/1550/79 2499/1552/544
f 2514/1551/544 2499/1552/544 2513/1553/75
f 2513/1553/75 2499/1552/544 2500/1554/75
f 2513/1553/75 2500/1554/75 2512/1555/545
f 2512/1555/545 2500/1554/75 2501/1556/546
f 2512/1555/545 2501/1556/546 2511/1557/547
f 2511/1557/547 2501/1556/546 2502/1558/547
f 2511/1557/547 2502/1558/547 2510/1559/548
f 2510/1559/548 2502/1558/547 2503/1560/548
f 2510/1559/548 2503/1560/548 2509/1561/68
f 2509/1561/68 2503/1560/548 2504/1562/68
f 2509/1561/68 2504/1562/68 2508/1563/549
f 2508/1563/549 2504/1562/68 2505/1564/549
f 2508/1563/549 2505/1564/549 2507/1565/64
f 2507/1565/64 2505/1564/549 2506/1566/64
f 2523/1567/137 2524/1568/137 2556/1569/138
f 2556/1569/138 2524/1568/137 2525/1570/138
f 2556/1569/138 2525/1570/138 2555/1571/140
f 2555/1571/140 2525/1570/138 2526/1572/140
f 2555/1571/140 2526/1572/140 2554/1573/550
f 2554/1573/550 2526/1572/140 2527/1574/550
f 2554/1573/550 2527/1574/550 2553/1575/144
f 2553/1575/144 2527/1574/550 2528/1576/144
f 2553/1575/144 2528/1576/144 2552/1577/146
f 2552/1577/146 2528/1576/144 2529/1578/146
f 2552/1577/146 2529/1578/146 2551/1579/148
f 2551/1579/148 2529/1578/146 2530/1580/148
f 2551/1579/148 2530/1580/148 2550/1581/150
f 2550/1581/150 2530/1580/148 2531/1582/150
f 2550/1581/150 2531/1582/150 2549/1583/152
f 2549/1583/152 2531/1582/150 2532/1584/152
f 2549/1583/152 2532/1584/152 2548/1585/551
f 2548/1585/551 2532/1584/152 2533/1586/551
f 2548/1585/551 2533/1586/551 2547/1587/552
f 2547/1587/552 2533/1586/551 2534/1588/552
f 2547/1587/552 2534/1588/552 2546/1589/553
f 2546/1589/553 2534/1588/552 2535/1590/554
f 2546/1589/553 2535/1590/554 2545/1591/555
f 2545/1591/555 2535/1590/554 2536/1592/555
f 2545/1591/555 2536/1592/555 2544/1593/556
f 2544/1593/556 2536/1592/555 2537/1594/556
f 2544/1593/556 2537/1594/556 2543/1595/163
f 2543/1595/163 2537/1594/556 2538/1596/163
f 2543/1595/163 2538/1596/163 2542/1597/557
f 2542/1597/557 2538/1596/163 2539/1598/557
f 2542/1597/557 2539/1598/557 2541/1599/61
f 2541/1599/61 2539/1598/557 2540/1600/61
f 2557/1601/26 2558/1602/26 2590/1603/131
f 2590/1603/131 2558/1602/26 2559/1604/131
f 2590/1603/131 2559/1604/131 2589/1605/129
f 2589/1605/129 2559/1604/131 2560/1606/129
f 2589/1605/129 2560/1606/129 2588/1607/558
f 2588/1607/558 2560/1606/129 2561/1608/558
f 2588/1607/558 2561/1608/558 2587/1609/125
f 2587/1609/125 2561/1608/558 2562/1610/125
f 2587/1609/125 2562/1610/125 2586/1611/123
f 2586/1611/123 2562/1610/125 2563/1612/123
f 2586/1611/123 2563/1612/123 2585/1613/121
f 2585/1613/121 2563/1612/123 2564/1614/121
f 2585/1613/121 2564/1614/121 2584/1615/119
f 2584/1615/119 2564/1614/121 2565/1616/119
f 2584/1615/119 2565/1616/119 2583/1617/117
f 2583/1617/117 2565/1616/119 2566/210/117
f 2583/1617/117 2566/210/117 2582/1618/115
f 2582/1618/115 2566/210/117 2567/1619/115
f 2582/1618/115 2567/1619/115 2581/1620/113
f 2581/1620/113 2567/1619/115 2568/1621/113
f 2581/1620/113 2568/1621/113 2580/1622/111
f 2580/1622/111 2568/1621/113 2569/1623/111
f 2580/1622/111 2569/1623/111 2579/1624/109
f 2579/1624/109 2569/1623/111 2570/1625/109
f 2579/1624/109 2570/1625/109 2578/1626/107
f 2578/1626/107 2570/1625/109 2571/1627/107
f 2578/1626/107 2571/1627/107 2577/1628/105
f 2577/1628/105 2571/1627/107 2572/1629/105
f 2577/1628/105 2572/1629/105 2576/1630/103
f 2576/1630/103 2572/1629/105 2573/1631/103
f 2576/1630/103 2573/1631/103 2575/1632/101
f 2575/1632/101 2573/1631/103 2574/1633/101
f 2592/1456/275 2617/1457/275 2591/1458/57
f 2591/1458/57 2617/1457/275 2628/1459/57
f 2627/1460/57 2618/1461/57 2608/1462/274
f 2608/1462/274 2618/1461/57 2619/1463/274
f 2608/1462/274 2619/1463/274 2607/1464/273
f 2607/1464/273 2619/1463/274 2620/1465/273
f 2607/1464/273 2620/1465/273 2606/1466/79
f 2606/1466/79 2620/1465/273 2621/1467/79
f 2606/1466/79 2621/1467/79 2605/1468/272
f 2605/1468/272 2621/1467/79 2622/1469/272
f 2605/1468/272 2622/1469/272 2604/1470/520
f 2604/1470/520 2622/1469/272 2623/1471/271
f 2604/1470/520 2623/1471/271 2603/1472/270
f 2603/1472/270 2623/1471/271 2624/1473/270
f 2603/1472/270 2624/1473/270 2602/1474/269
f 2602/1474/269 2624/1473/270 2625/1475/269
f 2602/1474/269 2625/1475/269 2601/1476/282
f 2601/1476/282 2625/1475/269 2626/1477/282
f 2601/1476/282 2626/1477/282 2600/1478/117
f 2600/1478/117 2626/1477/282 2609/1479/117
f 2600/1478/117 2609/1479/117 2599/1480/281
f 2599/1480/281 2609/1479/117 2610/1481/281
f 2599/1480/281 2610/1481/281 2598/1482/280
f 2598/1482/280 2610/1481/281 2611/1483/280
f 2598/1482/280 2611/1483/280 2597/1484/279
f 2597/1484/279 2611/1483/280 2612/1485/279
f 2597/1484/279 2612/1485/279 2596/1486/278
f 2596/1486/278 2612/1485/279 2613/1487/503
f 2596/1486/278 2613/1487/503 2595/1488/500
f 2595/1488/500 2613/1487/503 2614/1489/277
f 2595/1488/500 2614/1489/277 2594/1490/152
f 2594/1490/152 2614/1489/277 2615/1491/152
f 2594/1490/152 2615/1491/152 2593/1492/276
f 2593/1492/276 2615/1491/152 2616/1493/276
f 2593/1492/276 2616/1493/276 2592/1456/275
f 2592/1456/275 2616/1493/276 2617/1457/275
f 2640/1494/559 2629/1495/64 2639/1496/560
f 2639/1496/560 2629/1495/64 2630/1497/561
f 2639/1496/560 2630/1497/561 2638/1498/234
f 2638/1498/234 2630/1497/561 2631/1499/562
f 2638/1498/234 2631/1499/562 2637/1500/563
f 2637/1500/563 2631/1499/562 2632/1501/564
f 2637/1500/563 2632/1501/564 2636/1502/239
f 2636/1502/239 2632/1501/564 2633/1503/239
f 2636/1502/239 2633/1503/239 2635/1504/241
f 2635/1504/241 2633/1503/239 2634/1505/242
f 2642/244/242 2643/1506/242 2641/1507/242
f 2641/1507/242 2643/1506/242 2644/1508/242
f 2656/1495/227 2645/1509/61 2655/1497/565
f 2655/1497/565 2645/1509/61 2646/1510/566
f 2655/1497/565 2646/1510/566 2654/1499/223
f 2654/1499/223 2646/1510/566 2647/1511/567
f 2654/1499/223 2647/1511/567 2653/1501/220
f 2653/1501/220 2647/1511/567 2648/1512/568
f 2653/1501/220 2648/1512/568 2652/1503/218
f 2652/1503/218 2648/1512/568 2649/1513/218
f 2652/1503/218 2649/1513/218 2651/1505/303
f 2651/1505/303 2649/1513/218 2650/1514/215
f 2658/1515/215 2659/1516/215 2657/209/215
f 2657/209/215 2659/1516/215 2660/210/215
f 2678/234/241 2661/210/241 2677/1517/297
f 2677/1517/297 2661/210/241 2662/1518/297
f 2677/1517/297 2662/1518/297 2676/1519/298
f 2676/1519/298 2662/1518/297 2663/1520/569
f 2676/1519/298 2663/1520/569 2675/1521/299
f 2675/1521/299 2663/1520/569 2664/1522/299
f 2675/1521/299 2664/1522/299 2674/1523/57
f 2674/1523/57 2664/1522/299 2665/1524/57
f 2674/1523/57 2665/1524/57 2673/1525/300
f 2673/1525/300 2665/1524/57 2666/1526/300
f 2673/1525/300 2666/1526/300 2672/1527/301
f 2672/1527/301 2666/1526/300 2667/1528/301
f 2672/1527/301 2667/1528/301 2671/1529/302
f 2671/1529/302 2667/1528/301 2668/1530/302
f 2671/1529/302 2668/1530/302 2670/1531/303
f 2670/1531/303 2668/1530/302 2669/1532/303
f 2680/1634/305 2798/1635/305 2679/1636/117
f 2679/1636/117 2798/1635/305 2799/1637/117
f 2800/1638/117 2739/1639/117 2738/1640/304
f 2738/1640/304 2739/1639/117 2740/1641/304
f 2738/1640/304 2740/1641/304 2737/1642/357
f 2737/1642/357 2740/1641/304 2741/1643/357
f 2737/1642/357 2741/1643/357 2736/1644/356
f 2736/1644/356 2741/1643/357 2742/1645/356
f 2736/1644/356 2742/1645/356 2735/1646/355
f 2735/1646/355 2742/1645/356 2743/1647/355
f 2735/1646/355 2743/1647/355 2734/1648/354
f 2734/1648/354 2743/1647/355 2744/62/354
f 2734/1648/354 2744/62/354 2733/1649/353
f 2733/1649/353 2744/62/354 2745/1650/353
f 2733/1649/353 2745/1650/353 2732/1651/352
f 2732/1651/352 2745/1650/353 2746/1652/352
f 2732/1651/352 2746/1652/352 2731/1653/351
f 2731/1653/351 2746/1652/352 2747/1654/351
f 2731/1653/351 2747/1654/351 2730/1655/350
f 2730/1655/350 2747/1654/351 2748/358/350
f 2730/1655/350 2748/358/350 2729/1656/279
f 2729/1656/279 2748/358/350 2749/1657/279
f 2729/1656/279 2749/1657/279 2728/1658/349
f 2728/1658/349 2749/1657/279 2750/1659/349
f 2728/1658/349 2750/1659/349 2727/1660/348
f 2727/1660/348 2750/1659/349 2751/1661/348
f 2727/1660/348 2751/1661/348 2726/1662/347
f 2726/1662/347 2751/1661/348 2752/1663/347
f 2726/1662/347 2752/1663/347 2725/1664/346
f 2725/1664/346 2752/1663/347 2753/1665/346
f 2725/1664/346 2753/1665/346 2724/1666/345
f 2724/1666/345 2753/1665/346 2754/1667/345
f 2724/1666/345 2754/1667/345 2723/1668/344
f 2723/1668/344 2754/1667/345 2755/1669/344
f 2723/1668/344 2755/1669/344 2722/1670/343
f 2722/1670/343 2755/1669/344 2756/1671/343
f 2722/1670/343 2756/1671/343 2721/1672/342
f 2721/1672/342 2756/1671/343 2757/1673/342
f 2721/1672/342 2757/1673/342 2720/1674/341
f 2720/1674/341 2757/1673/342 2758/1675/341
f 2720/1674/341 2758/1675/341 2719/1676/152
f 2719/1676/152 2758/1675/341 2759/1677/152
f 2719/1676/152 2759/1677/152 2718/1678/340
f 2718/1678/340 2759/1677/152 2760/1679/340
f 2718/1678/340 2760/1679/340 2717/1680/339
f 2717/1680/339 2760/1679/340 2761/1681/339
f 2717/1680/339 2761/1681/339 2716/1682/338
f 2716/1682/338 2761/1681/339 2762/1683/338
f 2716/1682/338 2762/1683/338 2715/1684/337
f 2715/1684/337 2762/1683/338 2763/1685/337
f 2715/1684/337 2763/1685/337 2714/1686/336
f 2714/1686/336 2763/1685/337 2764/1687/336
f 2714/1686/336 2764/1687/336 2713/1688/335
f 2713/1688/335 2764/1687/336 2765/1689/335
f 2713/1688/335 2765/1689/335 2712/1690/334
f 2712/1690/334 2765/1689/335 2766/1691/334
f 2712/1690/334 2766/1691/334 2711/1692/333
f 2711/1692/333 2766/1691/334 2767/1693/333
f 2711/1692/333 2767/1693/333 2710/1694/332
f 2710/1694/332 2767/1693/333 2768/1695/332
f 2710/1694/332 2768/1695/332 2709/234/57
f 2709/234/57 2768/1695/332 2769/210/57
f 2709/234/57 2769/210/57 2708/1696/331
f 2708/1696/331 2769/210/57 2770/1697/331
f 2708/1696/331 2770/1697/331 2707/1698/330
f 2707/1698/330 2770/1697/331 2771/1699/330
f 2707/1698/330 2771/1699/330 2706/1700/329
f 2706/1700/329 2771/1699/330 2772/1701/329
f 2706/1700/329 2772/1701/329 2705/1702/328
f 2705/1702/328 2772/1701/329 2773/1703/328
f 2705/1702/328 2773/1703/328 2704/1704/327
f 2704/1704/327 2773/1703/328 2774/1705/327
f 2704/1704/327 2774/1705/327 2703/1706/326
f 2703/1706/326 2774/1705/327 2775/1707/326
f 2703/1706/326 2775/1707/326 2702/1708/325
f 2702/1708/325 2775/1707/326 2776/1119/325
f 2702/1708/325 2776/1119/325 2701/1709/324
f 2701/1709/324 2776/1119/325 2777/1710/324
f 2701/1709/324 2777/1710/324 2700/1711/323
f 2700/1711/323 2777/1710/324 2778/1712/323
f 2700/1711/323 2778/1712/323 2699/1713/79
f 2699/1713/79 2778/1712/323 2779/1714/79
f 2699/1713/79 2779/1714/79 2698/1715/322
f 2698/1715/322 2779/1714/79 2780/1716/322
f 2698/1715/322 2780/1716/322 2697/1717/321
f 2697/1717/321 2780/1716/322 2781/1718/321
f 2697/1717/321 2781/1718/321 2696/1719/320
f 2696/1719/320 2781/1718/321 2782/1720/320
f 2696/1719/320 2782/1720/320 2695/1721/319
f 2695/1721/319 2782/1720/320 2783/1130/319
f 2695/1721/319 2783/1130/319 2694/1722/318
f 2694/1722/318 2783/1130/319 2784/1723/318
f 2694/1722/318 2784/1723/318 2693/1724/317
f 2693/1724/317 2784/1723/318 2785/1725/317
f 2693/1724/317 2785/1725/317 2692/1726/316
f 2692/1726/316 2785/1725/317 2786/1727/316
f 2692/1726/316 2786/1727/316 2691/1728/315
f 2691/1728/315 2786/1727/316 2787/1729/315
f 2691/1728/315 2787/1729/315 2690/1730/314
f 2690/1730/314 2787/1729/315 2788/1731/314
f 2690/1730/314 2788/1731/314 2689/1732/270
f 2689/1732/270 2788/1731/314 2789/1733/270
f 2689/1732/270 2789/1733/270 2688/1734/313
f 2688/1734/313 2789/1733/270 2790/437/313
f 2688/1734/313 2790/437/313 2687/1735/312
f 2687/1735/312 2790/437/313 2791/1736/312
f 2687/1735/312 2791/1736/312 2686/1737/311
f 2686/1737/311 2791/1736/312 2792/1738/311
f 2686/1737/311 2792/1738/311 2685/1739/310
f 2685/1739/310 2792/1738/311 2793/1740/310
f 2685/1739/310 2793/1740/310 2684/1741/309
f 2684/1741/309 2793/1740/310 2794/61/309
f 2684/1741/309 2794/61/309 2683/1742/308
f 2683/1742/308 2794/61/309 2795/1743/308
f 2683/1742/308 2795/1743/308 2682/1744/307
f 2682/1744/307 2795/1743/308 2796/1745/307
f 2682/1744/307 2796/1745/307 2681/1746/306
f 2681/1746/306 2796/1745/307 2797/1153/306
f 2681/1746/306 2797/1153/306 2680/1634/305
f 2680/1634/305 2797/1153/306 2798/1635/305
f 2802/1747/28 2880/1748/28 2801/1749/28
f 2801/1749/28 2880/1748/28 2881/1750/28
f 2801/1749/28 2881/1750/28 2882/1751/28
f 2880/1748/28 2802/1747/28 2879/1752/28
f 2879/1752/28 2802/1747/28 2803/1753/28
f 2879/1752/28 2803/1753/28 2878/1754/28
f 2878/1754/28 2803/1753/28 2804/1755/28
f 2878/1754/28 2804/1755/28 2877/1756/28
f 2877/1756/28 2804/1755/28 2805/1757/28
f 2877/1756/28 2805/1757/28 2806/1758/28
f 2877/1756/28 2806/1758/28 2876/695/28
f 2876/695/28 2806/1758/28 2807/1759/28
f 2876/695/28 2807/1759/28 2808/1760/28
f 2808/1760/28 2809/1761/28 2876/695/28
f 2876/695/28 2809/1761/28 2875/698/28
f 2875/698/28 2809/1761/28 2874/798/28
f 2874/798/28 2809/1761/28 3003/1762/28
f 2874/798/28 3003/1762/28 3004/1763/28
f 2809/1761/28 2810/1764/28 3003/1762/28
f 3003/1762/28 2810/1764/28 2811/1765/28
f 3003/1762/28 2811/1765/28 2888/799/28
f 2888/799/28 2811/1765/28 2887/702/28
f 2887/702/28 2811/1765/28 2886/704/28
f 2886/704/28 2811/1765/28 2812/1766/28
f 2886/704/28 2812/1766/28 2813/1767/28
f 2813/1767/28 2814/1768/28 2886/704/28
f 2886/704/28 2814/1768/28 2885/707/28
f 2885/707/28 2814/1768/28 2815/1769/28
f 2885/707/28 2815/1769/28 2816/1770/28
f 2885/707/28 2816/1770/28 2884/1771/28
f 2884/1771/28 2816/1770/28 2817/1772/28
f 2884/1771/28 2817/1772/28 2883/1773/28
f 2883/1773/28 2817/1772/28 2818/1774/28
f 2883/1773/28 2818/1774/28 2882/1751/28
f 2882/1751/28 2818/1774/28 2801/1749/28
f 2820/1775/28 2916/1776/28 2819/1777/28
f 2819/1777/28 2916/1776/28 2917/1778/28
f 2819/1777/28 2917/1778/28 2918/1779/28
f 2916/1776/28 2820/1775/28 2915/1780/28
f 2915/1780/28 2820/1775/28 2821/1781/28
f 2915/1780/28 2821/1781/28 2914/1782/28
f 2914/1782/28 2821/1781/28 2822/1783/28
f 2914/1782/28 2822/1783/28 2913/1784/28
f 2913/1784/28 2822/1783/28 2823/1785/28
f 2913/1784/28 2823/1785/28 2824/1786/28
f 2913/1784/28 2824/1786/28 2912/726/28
f 2912/726/28 2824/1786/28 2825/1787/28
f 2912/726/28 2825/1787/28 2826/1788/28
f 2826/1788/28 2827/1789/28 2912/726/28
f 2912/726/28 2827/1789/28 2911/729/28
f 2911/729/28 2827/1789/28 2910/821/28
f 2910/821/28 2827/1789/28 2983/1790/28
f 2910/821/28 2983/1790/28 2984/1791/28
f 2827/1789/28 2828/1792/28 2983/1790/28
f 2983/1790/28 2828/1792/28 2829/1793/28
f 2983/1790/28 2829/1793/28 2924/822/28
f 2924/822/28 2829/1793/28 2923/733/28
f 2923/733/28 2829/1793/28 2922/735/28
f 2922/735/28 2829/1793/28 2830/1794/28
f 2922/735/28 2830/1794/28 2831/1795/28
f 2831/1795/28 2832/1796/28 2922/735/28
f 2922/735/28 2832/1796/28 2921/738/28
f 2921/738/28 2832/1796/28 2833/1797/28
f 2921/738/28 2833/1797/28 2834/1798/28
f 2921/738/28 2834/1798/28 2920/1799/28
f 2920/1799/28 2834/1798/28 2835/1800/28
f 2920/1799/28 2835/1800/28 2919/1801/28
f 2919/1801/28 2835/1800/28 2836/1802/28
f 2919/1801/28 2836/1802/28 2918/1779/28
f 2918/1779/28 2836/1802/28 2819/1777/28
f 2838/1803/28 2952/1804/28 2837/1805/28
f 2837/1805/28 2952/1804/28 2953/1806/28
f 2837/1805/28 2953/1806/28 2954/1807/28
f 2952/1804/28 2838/1803/28 2951/1808/28
f 2951/1808/28 2838/1803/28 2839/1809/28
f 2951/1808/28 2839/1809/28 2950/1810/28
f 2950/1810/28 2839/1809/28 2840/1811/28
f 2950/1810/28 2840/1811/28 2949/1812/28
f 2949/1812/28 2840/1811/28 2841/1813/28
f 2949/1812/28 2841/1813/28 2842/1814/28
f 2949/1812/28 2842/1814/28 2948/757/28
f 2948/757/28 2842/1814/28 2843/1815/28
f 2948/757/28 2843/1815/28 2844/1816/28
f 2844/1816/28 2845/1817/28 2948/757/28
f 2948/757/28 2845/1817/28 2947/760/570
f 2947/760/570 2845/1817/28 2946/844/28
f 2946/844/28 2845/1817/28 2963/1818/28
f 2946/844/28 2963/1818/28 2964/1819/28
f 2845/1817/28 2846/1820/28 2963/1818/28
f 2963/1818/28 2846/1820/28 2847/1821/28
f 2963/1818/28 2847/1821/28 2960/780/28
f 2960/780/28 2847/1821/28 2959/764/28
f 2959/764/28 2847/1821/28 2958/766/28
f 2958/766/28 2847/1821/28 2848/1822/28
f 2958/766/28 2848/1822/28 2849/1823/28
f 2849/1823/28 2850/1824/28 2958/766/28
f 2958/766/28 2850/1824/28 2957/769/28
f 2957/769/28 2850/1824/28 2851/1825/28
f 2957/769/28 2851/1825/28 2852/1826/28
f 2957/769/28 2852/1826/28 2956/1827/28
f 2956/1827/28 2852/1826/28 2853/1828/28
f 2956/1827/28 2853/1828/28 2955/1829/28
f 2955/1829/28 2853/1828/28 2854/1830/28
f 2955/1829/28 2854/1830/28 2954/1807/28
f 2954/1807/28 2854/1830/28 2837/1805/28
f 2856/776/28 3021/1831/28 2855/777/28
f 2855/777/28 3021/1831/28 3022/1832/28
f 2855/777/28 3022/1832/28 2962/778/28
f 2962/778/28 3022/1832/28 2961/779/28
f 2961/779/28 3022/1832/28 2960/780/28
f 2960/780/28 3022/1832/28 2963/1818/28
f 3021/1831/28 2856/776/28 3020/1833/28
f 3020/1833/28 2856/776/28 2857/781/28
f 3020/1833/28 2857/781/28 3019/1834/28
f 3019/1834/28 2857/781/28 2858/782/28
f 3019/1834/28 2858/782/28 3018/1835/28
f 3018/1835/28 2858/782/28 2859/783/28
f 3018/1835/28 2859/783/28 3017/1836/28
f 3017/1836/28 2859/783/28 2860/784/28
f 3017/1836/28 2860/784/28 3016/1837/28
f 3016/1837/28 2860/784/28 2861/785/28
f 3016/1837/28 2861/785/28 3015/1838/28
f 3015/1838/28 2861/785/28 2862/786/28
f 3015/1838/28 2862/786/28 3014/1839/28
f 3014/1839/28 2862/786/28 2863/787/28
f 3014/1839/28 2863/787/28 3013/1840/28
f 3013/1840/28 2863/787/28 3012/1841/28
f 3012/1841/28 2863/787/28 2864/788/28
f 3012/1841/28 2864/788/28 3011/1842/28
f 3011/1842/28 2864/788/28 2865/789/28
f 3011/1842/28 2865/789/28 3010/1843/28
f 3010/1843/28 2865/789/28 2866/790/28
f 3010/1843/28 2866/790/28 3009/1844/28
f 3009/1844/28 2866/790/28 2867/791/28
f 3009/1844/28 2867/791/28 3008/1845/28
f 3008/1845/28 2867/791/28 2868/792/28
f 3008/1845/28 2868/792/28 3007/1846/28
f 3007/1846/28 2868/792/28 2869/793/28
f 3007/1846/28 2869/793/28 3006/1847/28
f 3006/1847/28 2869/793/28 2870/794/28
f 3006/1847/28 2870/794/28 3005/1848/28
f 3005/1848/28 2870/794/28 2871/795/28
f 3005/1848/28 2871/795/28 3004/1763/28
f 3004/1763/28 2871/795/28 2872/796/28
f 3004/1763/28 2872/796/28 2873/797/28
f 2873/797/28 2874/798/28 3004/1763/28
f 3003/1762/28 2888/799/28 3002/1849/28
f 3002/1849/28 2888/799/28 2889/800/28
f 3002/1849/28 2889/800/28 2890/801/28
f 2890/801/28 2891/802/28 3002/1849/28
f 3002/1849/28 2891/802/28 3001/1850/28
f 3001/1850/28 2891/802/28 2892/803/28
f 3001/1850/28 2892/803/28 3000/1851/28
f 3000/1851/28 2892/803/28 2893/804/28
f 3000/1851/28 2893/804/28 2999/1852/28
f 2999/1852/28 2893/804/28 2894/805/28
f 2999/1852/28 2894/805/28 2998/1853/28
f 2998/1853/28 2894/805/28 2895/806/28
f 2998/1853/28 2895/806/28 2997/1854/28
f 2997/1854/28 2895/806/28 2896/807/28
f 2997/1854/28 2896/807/28 2996/1855/28
f 2996/1855/28 2896/807/28 2897/808/28
f 2996/1855/28 2897/808/28 2995/1856/28
f 2995/1856/28 2897/808/28 2898/809/28
f 2995/1856/28 2898/809/28 2994/1857/28
f 2994/1857/28 2898/809/28 2899/810/28
f 2994/1857/28 2899/810/28 2993/1858/28
f 2993/1858/28 2899/810/28 2992/1859/28
f 2992/1859/28 2899/810/28 2900/811/28
f 2992/1859/28 2900/811/28 2991/1860/28
f 2991/1860/28 2900/811/28 2901/812/28
f 2991/1860/28 2901/812/28 2990/1861/28
f 2990/1861/28 2901/812/28 2902/813/28
f 2990/1861/28 2902/813/28 2989/1862/28
f 2989/1862/28 2902/813/28 2903/814/28
f 2989/1862/28 2903/814/28 2988/1863/28
f 2988/1863/28 2903/814/28 2904/815/28
f 2988/1863/28 2904/815/28 2987/1864/28
f 2987/1864/28 2904/815/28 2905/816/28
f 2987/1864/28 2905/816/28 2986/1865/28
f 2986/1865/28 2905/816/28 2906/817/28
f 2986/1865/28 2906/817/28 2985/1866/28
f 2985/1866/28 2906/817/28 2907/818/28
f 2985/1866/28 2907/818/28 2984/1791/28
f 2984/1791/28 2907/818/28 2908/819/28
f 2984/1791/28 2908/819/28 2909/820/28
f 2909/820/28 2910/821/28 2984/1791/28
f 2983/1790/28 2924/822/28 2982/1867/28
f 2982/1867/28 2924/822/28 2925/823/28
f 2982/1867/28 2925/823/28 2926/824/28
f 2926/824/28 2927/825/28 2982/1867/28
f 2982/1867/28 2927/825/28 2981/1868/28
f 2981/1868/28 2927/825/28 2928/826/28
f 2981/1868/28 2928/826/28 2980/1869/28
f 2980/1869/28 2928/826/28 2929/827/28
f 2980/1869/28 2929/827/28 2979/1870/28
f 2979/1870/28 2929/827/28 2930/828/28
f 2979/1870/28 2930/828/28 2978/1871/28
f 2978/1871/28 2930/828/28 2931/829/28
f 2978/1871/28 2931/829/28 2977/1872/28
f 2977/1872/28 2931/829/28 2932/830/28
f 2977/1872/28 2932/830/28 2976/1873/28
f 2976/1873/28 2932/830/28 2933/831/28
f 2976/1873/28 2933/831/28 2975/1874/28
f 2975/1874/28 2933/831/28 2934/832/28
f 2975/1874/28 2934/832/28 2974/1875/28
f 2974/1875/28 2934/832/28 2935/833/28
f 2974/1875/28 2935/833/28 2973/1876/28
f 2973/1876/28 2935/833/28 2972/1877/28
f 2972/1877/28 2935/833/28 2936/834/28
f 2972/1877/28 2936/834/28 2971/1878/28
f 2971/1878/28 2936/834/28 2937/835/28
f 2971/1878/28 2937/835/28 2970/1879/28
f 2970/1879/28 2937/835/28 2938/836/28
f 2970/1879/28 2938/836/28 2969/1880/28
f 2969/1880/28 2938/836/28 2939/837/28
f 2969/1880/28 2939/837/28 2968/1881/28
f 2968/1881/28 2939/837/28 2940/838/28
f 2968/1881/28 2940/838/28 2967/1882/28
f 2967/1882/28 2940/838/28 2941/839/28
f 2967/1882/28 2941/839/28 2966/1883/28
f 2966/1883/28 2941/839/28 2942/840/28
f 2966/1883/28 2942/840/28 2965/1884/28
f 2965/1884/28 2942/840/28 2943/841/28
f 2965/1884/28 2943/841/28 2964/1819/28
f 2964/1819/28 2943/841/28 2944/842/28
f 2964/1819/28 2944/842/28 2945/843/28
f 2945/843/28 2946/844/28 2964/1819/28
f 3040/1885/358 3023/1886/358 3205/1840/358
f 3205/1840/358 3023/1886/358 3024/1887/358
f 3205/1840/358 3024/1887/358 3166/1888/358
f 3166/1888/358 3024/1887/358 3165/1889/358
f 3165/1889/358 3024/1887/358 3164/1890/358
f 3164/1890/358 3024/1887/358 3025/1891/358
f 3164/1890/358 3025/1891/358 3026/1892/358
f 3026/1892/358 3027/1893/358 3164/1890/358
f 3164/1890/358 3027/1893/358 3163/1894/358
f 3163/1894/358 3027/1893/358 3028/1895/358
f 3163/1894/358 3028/1895/358 3029/1896/358
f 3163/1894/358 3029/1896/358 3162/1897/358
f 3162/1897/358 3029/1896/358 3030/1898/358
f 3162/1897/358 3030/1898/358 3161/1899/358
f 3161/1899/358 3030/1898/358 3031/1900/358
f 3161/1899/358 3031/1900/358 3160/1901/358
f 3160/1901/358 3031/1900/358 3032/1902/358
f 3160/1901/358 3032/1902/358 3159/1903/358
f 3159/1903/358 3032/1902/358 3158/1904/358
f 3158/1904/358 3032/1902/358 3033/1905/358
f 3158/1904/358 3033/1905/358 3157/1906/358
f 3157/1906/358 3033/1905/358 3034/1907/358
f 3157/1906/358 3034/1907/358 3156/1908/358
f 3156/1908/358 3034/1907/358 3035/1909/358
f 3156/1908/358 3035/1909/358 3155/1910/358
f 3155/1910/358 3035/1909/358 3036/1911/358
f 3155/1910/358 3036/1911/358 3037/1912/358
f 3155/1910/358 3037/1912/358 3154/1913/358
f 3154/1913/358 3037/1912/358 3038/1914/358
f 3154/1913/358 3038/1914/358 3039/1915/358
f 3039/1915/358 3040/1885/358 3154/1913/358
f 3154/1913/358 3040/1885/358 3153/1916/358
f 3153/1916/358 3040/1885/358 3152/1917/358
f 3152/1917/358 3040/1885/358 3205/1840/358
f 3152/1917/358 3205/1840/358 3206/1839/358
f 3058/1918/358 3041/1919/358 3225/1876/358
f 3225/1876/358 3041/1919/358 3042/1920/358
f 3225/1876/358 3042/1920/358 3130/1921/358
f 3130/1921/358 3042/1920/358 3129/1922/358
f 3129/1922/358 3042/1920/358 3128/1923/358
f 3128/1923/358 3042/1920/358 3043/1924/358
f 3128/1923/358 3043/1924/358 3044/1925/358
f 3044/1925/358 3045/1926/358 3128/1923/358
f 3128/1923/358 3045/1926/358 3127/1927/358
f 3127/1927/358 3045/1926/358 3046/1928/358
f 3127/1927/358 3046/1928/358 3047/1929/358
f 3127/1927/358 3047/1929/358 3126/1930/358
f 3126/1930/358 3047/1929/358 3048/1931/358
f 3126/1930/358 3048/1931/358 3125/1932/358
f 3125/1932/358 3048/1931/358 3049/1933/358
f 3125/1932/358 3049/1933/358 3124/1934/358
f 3124/1934/358 3049/1933/358 3050/1935/358
f 3124/1934/358 3050/1935/358 3123/1936/358
f 3123/1936/358 3050/1935/358 3122/1937/358
f 3122/1937/358 3050/1935/358 3051/1938/358
f 3122/1937/358 3051/1938/358 3121/1939/358
f 3121/1939/358 3051/1938/358 3052/1940/358
f 3121/1939/358 3052/1940/358 3120/1941/358
f 3120/1941/358 3052/1940/358 3053/1942/358
f 3120/1941/358 3053/1942/358 3119/1943/358
f 3119/1943/358 3053/1942/358 3054/1944/358
f 3119/1943/358 3054/1944/358 3055/1945/358
f 3119/1943/358 3055/1945/358 3118/1946/358
f 3118/1946/358 3055/1945/358 3056/1947/358
f 3118/1946/358 3056/1947/358 3057/1948/358
f 3057/1948/358 3058/1918/358 3118/1946/358
f 3118/1946/358 3058/1918/358 3117/1949/358
f 3117/1949/358 3058/1918/358 3116/1950/358
f 3116/1950/358 3058/1918/358 3225/1876/358
f 3116/1950/358 3225/1876/358 3226/1875/358
f 3076/1951/358 3059/1952/358 3185/1858/358
f 3185/1858/358 3059/1952/358 3060/1953/358
f 3185/1858/358 3060/1953/358 3094/1954/358
f 3094/1954/358 3060/1953/358 3093/1955/358
f 3093/1955/358 3060/1953/358 3092/1956/358
f 3092/1956/358 3060/1953/358 3061/1957/358
f 3092/1956/358 3061/1957/358 3062/1958/358
f 3062/1958/358 3063/1959/358 3092/1956/358
f 3092/1956/358 3063/1959/358 3091/1960/358
f 3091/1960/358 3063/1959/358 3064/1961/358
f 3091/1960/358 3064/1961/358 3065/1962/358
f 3091/1960/358 3065/1962/358 3090/1963/358
f 3090/1963/358 3065/1962/358 3066/1964/358
f 3090/1963/358 3066/1964/358 3089/1965/358
f 3089/1965/358 3066/1964/358 3067/1966/358
f 3089/1965/358 3067/1966/358 3088/1967/358
f 3088/1967/358 3067/1966/358 3068/1968/358
f 3088/1967/358 3068/1968/358 3087/1969/358
f 3087/1969/358 3068/1968/358 3086/1970/358
f 3086/1970/358 3068/1968/358 3069/1971/358
f 3086/1970/358 3069/1971/358 3085/1972/358
f 3085/1972/358 3069/1971/358 3070/1973/358
f 3085/1972/358 3070/1973/358 3084/1974/358
f 3084/1974/358 3070/1973/358 3071/1975/358
f 3084/1974/358 3071/1975/358 3083/1976/358
f 3083/1976/358 3071/1975/358 3072/1977/358
f 3083/1976/358 3072/1977/358 3073/1978/358
f 3083/1976/358 3073/1978/358 3082/1979/358
f 3082/1979/358 3073/1978/358 3074/1980/358
f 3082/1979/358 3074/1980/358 3075/1981/358
f 3075/1981/358 3076/1951/358 3082/1979/358
f 3082/1979/358 3076/1951/358 3081/1982/358
f 3081/1982/358 3076/1951/358 3080/1983/358
f 3080/1983/358 3076/1951/358 3185/1858/358
f 3080/1983/358 3185/1858/358 3186/1857/358
f 3078/1984/358 3186/1857/358 3077/1985/358
f 3077/1985/358 3186/1857/358 3187/1856/358
f 3077/1985/358 3187/1856/358 3184/1986/358
f 3184/1986/358 3187/1856/358 3188/1855/358
f 3184/1986/358 3188/1855/358 3183/1987/358
f 3183/1987/358 3188/1855/358 3189/1854/358
f 3183/1987/358 3189/1854/358 3182/1988/358
f 3182/1988/358 3189/1854/358 3190/1853/358
f 3182/1988/358 3190/1853/358 3181/1989/358
f 3181/1989/358 3190/1853/358 3191/1852/358
f 3181/1989/358 3191/1852/358 3180/1990/358
f 3180/1990/358 3191/1852/358 3192/1851/358
f 3180/1990/358 3192/1851/358 3179/1991/358
f 3179/1991/358 3192/1851/358 3193/1850/358
f 3179/1991/358 3193/1850/358 3178/1992/358
f 3178/1992/358 3193/1850/358 3194/1849/358
f 3178/1992/358 3194/1849/358 3177/1993/358
f 3177/1993/358 3194/1849/358 3195/1762/358
f 3177/1993/358 3195/1762/358 3196/1763/358
f 3078/1984/358 3079/1994/358 3186/1857/358
f 3186/1857/358 3079/1994/358 3080/1983/358
f 3185/1858/358 3094/1954/358 3244/1859/358
f 3244/1859/358 3094/1954/358 3095/1995/358
f 3244/1859/358 3095/1995/358 3096/1996/358
f 3096/1996/358 3097/1997/358 3244/1859/358
f 3244/1859/358 3097/1997/358 3243/1860/358
f 3243/1860/358 3097/1997/358 3098/1998/358
f 3243/1860/358 3098/1998/358 3242/1861/358
f 3242/1861/358 3098/1998/358 3099/1999/358
f 3242/1861/358 3099/1999/358 3241/1862/358
f 3241/1862/358 3099/1999/358 3100/2000/358
f 3241/1862/358 3100/2000/358 3240/1863/358
f 3240/1863/358 3100/2000/358 3101/2001/358
f 3240/1863/358 3101/2001/358 3239/1864/358
f 3239/1864/358 3101/2001/358 3102/2002/358
f 3239/1864/358 3102/2002/358 3238/1865/358
f 3238/1865/358 3102/2002/358 3103/2003/358
f 3238/1865/358 3103/2003/358 3237/1866/358
f 3237/1866/358 3103/2003/358 3104/2004/358
f 3237/1866/358 3104/2004/358 3236/1791/358
f 3236/1791/358 3104/2004/358 3105/2005/358
f 3236/1791/358 3105/2005/358 3235/1790/358
f 3235/1790/358 3105/2005/358 3234/1867/358
f 3234/1867/358 3105/2005/358 3106/2006/358
f 3234/1867/358 3106/2006/358 3233/1868/358
f 3233/1868/358 3106/2006/358 3107/2007/358
f 3233/1868/358 3107/2007/358 3232/1869/358
f 3232/1869/358 3107/2007/358 3108/2008/358
f 3232/1869/358 3108/2008/358 3231/1870/358
f 3231/1870/358 3108/2008/358 3109/2009/358
f 3231/1870/358 3109/2009/358 3230/1871/358
f 3230/1871/358 3109/2009/358 3110/2010/358
f 3230/1871/358 3110/2010/358 3229/1872/358
f 3229/1872/358 3110/2010/358 3111/2011/358
f 3229/1872/358 3111/2011/358 3228/1873/358
f 3228/1873/358 3111/2011/358 3112/2012/358
f 3228/1873/358 3112/2012/358 3227/1874/358
f 3227/1874/358 3112/2012/358 3113/2013/358
f 3227/1874/358 3113/2013/358 3226/1875/358
f 3226/1875/358 3113/2013/358 3114/2014/358
f 3226/1875/358 3114/2014/358 3115/2015/358
f 3115/2015/358 3116/1950/358 3226/1875/358
f 3225/1876/358 3130/1921/358 3224/1877/358
f 3224/1877/358 3130/1921/358 3131/2016/358
f 3224/1877/358 3131/2016/358 3132/2017/358
f 3132/2017/358 3133/2018/358 3224/1877/358
f 3224/1877/358 3133/2018/358 3223/1878/358
f 3223/1878/358 3133/2018/358 3134/2019/358
f 3223/1878/358 3134/2019/358 3222/1879/358
f 3222/1879/358 3134/2019/358 3135/2020/358
f 3222/1879/358 3135/2020/358 3221/1880/358
f 3221/1880/358 3135/2020/358 3136/2021/358
f 3221/1880/358 3136/2021/358 3220/1881/358
f 3220/1881/358 3136/2021/358 3137/2022/358
f 3220/1881/358 3137/2022/358 3219/1882/358
f 3219/1882/358 3137/2022/358 3138/2023/358
f 3219/1882/358 3138/2023/358 3218/1883/358
f 3218/1883/358 3138/2023/358 3139/2024/358
f 3218/1883/358 3139/2024/358 3217/1884/358
f 3217/1884/358 3139/2024/358 3140/2025/358
f 3217/1884/358 3140/2025/358 3216/1819/358
f 3216/1819/358 3140/2025/358 3141/2026/358
f 3216/1819/358 3141/2026/358 3215/1818/358
f 3215/1818/358 3141/2026/358 3214/1832/358
f 3214/1832/358 3141/2026/358 3142/2027/358
f 3214/1832/358 3142/2027/358 3213/1831/358
f 3213/1831/358 3142/2027/358 3143/2028/358
f 3213/1831/358 3143/2028/358 3212/1833/358
f 3212/1833/358 3143/2028/358 3144/2029/358
f 3212/1833/358 3144/2029/358 3211/1834/358
f 3211/1834/358 3144/2029/358 3145/2030/358
f 3211/1834/358 3145/2030/358 3210/1835/358
f 3210/1835/358 3145/2030/358 3146/2031/358
f 3210/1835/358 3146/2031/358 3209/1836/358
f 3209/1836/358 3146/2031/358 3147/2032/358
f 3209/1836/358 3147/2032/358 3208/1837/358
f 3208/1837/358 3147/2032/358 3148/2033/358
f 3208/1837/358 3148/2033/358 3207/1838/358
f 3207/1838/358 3148/2033/358 3149/2034/358
f 3207/1838/358 3149/2034/358 3206/1839/358
f 3206/1839/358 3149/2034/358 3150/2035/358
f 3206/1839/358 3150/2035/358 3151/2036/358
f 3151/2036/358 3152/1917/358 3206/1839/358
f 3205/1840/358 3166/1888/358 3204/1841/358
f 3204/1841/358 3166/1888/358 3167/2037/358
f 3204/1841/358 3167/2037/358 3168/2038/358
f 3168/2038/358 3169/2039/358 3204/1841/358
f 3204/1841/358 3169/2039/358 3203/1842/358
f 3203/1842/358 3169/2039/358 3170/2040/358
f 3203/1842/358 3170/2040/358 3202/1843/358
f 3202/1843/358 3170/2040/358 3171/2041/358
f 3202/1843/358 3171/2041/358 3201/1844/358
f 3201/1844/358 3171/2041/358 3172/2042/358
f 3201/1844/358 3172/2042/358 3200/1845/358
f 3200/1845/358 3172/2042/358 3173/2043/358
f 3200/1845/358 3173/2043/358 3199/1846/358
f 3199/1846/358 3173/2043/358 3174/2044/358
f 3199/1846/358 3174/2044/358 3198/1847/358
f 3198/1847/358 3174/2044/358 3175/2045/358
f 3198/1847/358 3175/2045/358 3197/1848/358
f 3197/1848/358 3175/2045/358 3176/2046/358
f 3197/1848/358 3176/2046/358 3196/1763/358
f 3196/1763/358 3176/2046/358 3177/1993/358
